# SQL Manager 2005 for MySQL 3.6.5.8
# ---------------------------------------
# Host     : localhost
# Port     : 3306
# Database : barcodeapplication


SET FOREIGN_KEY_CHECKS=0;

DROP DATABASE IF EXISTS `barcodeapplication`;

CREATE DATABASE `barcodeapplication`
    CHARACTER SET 'latin1'
    COLLATE 'latin1_swedish_ci';

USE `barcodeapplication`;

#
# Structure for the `sizes` table : 
#

DROP TABLE IF EXISTS `sizes`;

CREATE TABLE `sizes` (
  `size_id` varchar(25) NOT NULL DEFAULT 'anuradha',
  `width` int(10) unsigned NOT NULL,
  `length` int(10) unsigned NOT NULL,
  PRIMARY KEY (`size_id`)
) ENGINE=InnoDB DEFAULT CHARSET=latin1;

#
# Structure for the `role` table : 
#

DROP TABLE IF EXISTS `role`;

CREATE TABLE `role` (
  `role_id` varchar(25) NOT NULL DEFAULT 'anuradha',
  `role_type` varchar(20) NOT NULL,
  PRIMARY KEY (`role_id`)
) ENGINE=InnoDB DEFAULT CHARSET=latin1;

#
# Structure for the `lob_group` table : 
#

DROP TABLE IF EXISTS `lob_group`;

CREATE TABLE `lob_group` (
  `lob_id` int(10) unsigned NOT NULL,
  `lob_name` varchar(20) NOT NULL,
  `created_user_id` bigint(20) NOT NULL,
  PRIMARY KEY (`lob_id`),
  UNIQUE KEY `lob_id` (`lob_id`)
) ENGINE=InnoDB DEFAULT CHARSET=latin1;

#
# Structure for the `corporate` table : 
#

DROP TABLE IF EXISTS `corporate`;

CREATE TABLE `corporate` (
  `corporate_id` int(10) NOT NULL AUTO_INCREMENT,
  `corporate_account` varchar(20) DEFAULT NULL,
  `address` varchar(20) DEFAULT NULL,
  `telephone` int(10) unsigned DEFAULT NULL,
  `fax` int(10) unsigned DEFAULT NULL,
  `email` varchar(20) DEFAULT NULL,
  `contact_name` varchar(20) DEFAULT NULL,
  `license_start_date` datetime DEFAULT NULL,
  `license_end_date` datetime DEFAULT NULL,
  `corporate_name` varchar(30) DEFAULT NULL,
  `corporate_status` int(1) DEFAULT NULL,
  `description` varchar(200) DEFAULT NULL,
  PRIMARY KEY (`corporate_id`)
) ENGINE=InnoDB AUTO_INCREMENT=12 DEFAULT CHARSET=latin1;

#
# Structure for the `user` table : 
#

DROP TABLE IF EXISTS `user`;

CREATE TABLE `user` (
  `user_id` bigint(20) unsigned NOT NULL AUTO_INCREMENT,
  `user_name` varchar(20) NOT NULL,
  `password` varchar(20) NOT NULL,
  `corporate_id` int(10) NOT NULL,
  `name` varchar(20) NOT NULL,
  `mobile` int(10) unsigned NOT NULL,
  `email` varchar(20) NOT NULL,
  `description` varchar(20) NOT NULL,
  `role_id` varchar(25) NOT NULL,
  `lob_id` int(10) unsigned DEFAULT NULL,
  `last_login_date` datetime NOT NULL,
  PRIMARY KEY (`user_id`),
  KEY `role_id` (`role_id`),
  KEY `corporate_id` (`corporate_id`),
  KEY `lob_id` (`lob_id`),
  CONSTRAINT `role_id` FOREIGN KEY (`role_id`) REFERENCES `role` (`role_id`),
  CONSTRAINT `user_fk` FOREIGN KEY (`lob_id`) REFERENCES `lob_group` (`lob_id`),
  CONSTRAINT `user_fk1` FOREIGN KEY (`corporate_id`) REFERENCES `corporate` (`corporate_id`)
) ENGINE=InnoDB AUTO_INCREMENT=25 DEFAULT CHARSET=latin1;

#
# Structure for the `barcode` table : 
#

DROP TABLE IF EXISTS `barcode`;

CREATE TABLE `barcode` (
  `barcode_id` varchar(25) NOT NULL DEFAULT 'anuradha',
  `user_id` bigint(20) unsigned NOT NULL,
  `date_created` datetime NOT NULL,
  `type` varchar(20) NOT NULL,
  `bc_action_id` varchar(20) NOT NULL,
  `imge_type` varchar(20) NOT NULL,
  `error_correction_level` varchar(20) NOT NULL,
  `exp_date` datetime NOT NULL,
  `size_id` varchar(25) NOT NULL,
  PRIMARY KEY (`barcode_id`),
  KEY `size_id` (`size_id`),
  KEY `user_id` (`user_id`),
  CONSTRAINT `size_id` FOREIGN KEY (`size_id`) REFERENCES `sizes` (`size_id`),
  CONSTRAINT `user_id` FOREIGN KEY (`user_id`) REFERENCES `user` (`user_id`)
) ENGINE=InnoDB DEFAULT CHARSET=latin1;

#
# Structure for the `barcode_category_jasper` table : 
#

DROP TABLE IF EXISTS `barcode_category_jasper`;

CREATE TABLE `barcode_category_jasper` (
  `category` varchar(20) NOT NULL DEFAULT 'prasad',
  `quentity` int(10) unsigned NOT NULL DEFAULT '0',
  PRIMARY KEY (`category`) USING BTREE
) ENGINE=InnoDB DEFAULT CHARSET=latin1;

#
# Structure for the `barcode_data` table : 
#

DROP TABLE IF EXISTS `barcode_data`;

CREATE TABLE `barcode_data` (
  `id` varchar(25) NOT NULL,
  `barcode_id` varchar(25) NOT NULL,
  `attribute` varchar(20) NOT NULL,
  `value` varchar(100) NOT NULL,
  PRIMARY KEY (`id`),
  KEY `barcode_id` (`barcode_id`),
  CONSTRAINT `barcode_id` FOREIGN KEY (`barcode_id`) REFERENCES `barcode` (`barcode_id`)
) ENGINE=InnoDB DEFAULT CHARSET=latin1;

#
# Structure for the `campaign` table : 
#

DROP TABLE IF EXISTS `campaign`;

CREATE TABLE `campaign` (
  `campaign_id` int(10) NOT NULL,
  `campaign_name` varchar(50) NOT NULL,
  `start_date` datetime NOT NULL,
  `expire_date` datetime NOT NULL,
  `lob_id` int(10) unsigned NOT NULL,
  PRIMARY KEY (`campaign_id`),
  KEY `lob_id` (`lob_id`),
  CONSTRAINT `campaign_fk` FOREIGN KEY (`lob_id`) REFERENCES `lob_group` (`lob_id`)
) ENGINE=InnoDB DEFAULT CHARSET=latin1;

#
# Structure for the `privileges` table : 
#

DROP TABLE IF EXISTS `privileges`;

CREATE TABLE `privileges` (
  `privilege_id` int(10) NOT NULL,
  `privilege_name` varchar(100) NOT NULL,
  PRIMARY KEY (`privilege_id`)
) ENGINE=InnoDB DEFAULT CHARSET=latin1;

#
# Structure for the `role_privilege` table : 
#

DROP TABLE IF EXISTS `role_privilege`;

CREATE TABLE `role_privilege` (
  `role_privilege_id` int(10) NOT NULL AUTO_INCREMENT,
  `role_id` varchar(25) NOT NULL,
  `privilege_id` int(10) NOT NULL,
  PRIMARY KEY (`role_privilege_id`),
  UNIQUE KEY `role_privilege_u1` (`role_id`,`privilege_id`),
  KEY `priv_id` (`privilege_id`),
  KEY `FK_role_id` (`role_id`),
  CONSTRAINT `FK_role_id` FOREIGN KEY (`role_id`) REFERENCES `role` (`role_id`),
  CONSTRAINT `role_priviledge_fk` FOREIGN KEY (`privilege_id`) REFERENCES `privileges` (`privilege_id`)
) ENGINE=InnoDB AUTO_INCREMENT=6 DEFAULT CHARSET=latin1;

#
# Structure for the `url_hit_count` table : 
#

DROP TABLE IF EXISTS `url_hit_count`;

CREATE TABLE `url_hit_count` (
  `real_url` varchar(100) NOT NULL,
  `hit_count` bigint(20) unsigned NOT NULL,
  PRIMARY KEY (`real_url`)
) ENGINE=InnoDB DEFAULT CHARSET=latin1;

#
# Structure for the `user_campaign` table : 
#

DROP TABLE IF EXISTS `user_campaign`;

CREATE TABLE `user_campaign` (
  `user_campaign_id` int(10) NOT NULL AUTO_INCREMENT,
  `owner` int(1) NOT NULL,
  `user_id` bigint(20) unsigned NOT NULL,
  `campaign_id` int(10) NOT NULL,
  PRIMARY KEY (`user_campaign_id`),
  UNIQUE KEY `user_campaign_u1` (`user_id`,`campaign_id`),
  KEY `user_id` (`user_id`),
  KEY `campaign_id` (`campaign_id`),
  CONSTRAINT `user_campaign_fk` FOREIGN KEY (`user_id`) REFERENCES `user` (`user_id`),
  CONSTRAINT `user_campaign_fk1` FOREIGN KEY (`campaign_id`) REFERENCES `campaign` (`campaign_id`)
) ENGINE=InnoDB DEFAULT CHARSET=latin1;

#
# Structure for the `user_logs` table : 
#

DROP TABLE IF EXISTS `user_logs`;

CREATE TABLE `user_logs` (
  `log_id` int(10) NOT NULL,
  `action_user_id` int(10) NOT NULL,
  `action_taken` varchar(50) NOT NULL,
  `modified_date` datetime NOT NULL,
  `comment` varchar(100) DEFAULT NULL,
  `user_id` bigint(20) unsigned NOT NULL,
  PRIMARY KEY (`log_id`),
  KEY `user_id` (`user_id`),
  CONSTRAINT `user_logs_u1` FOREIGN KEY (`user_id`) REFERENCES `user` (`user_id`)
) ENGINE=InnoDB DEFAULT CHARSET=latin1;

#
# Structure for the `user_privileges` table : 
#

DROP TABLE IF EXISTS `user_privileges`;

CREATE TABLE `user_privileges` (
  `user_privilege_id` int(10) NOT NULL,
  `user_id` bigint(20) unsigned NOT NULL,
  `privilege_id` int(10) NOT NULL,
  PRIMARY KEY (`user_privilege_id`),
  UNIQUE KEY `user_privileges_u1` (`user_id`,`privilege_id`),
  KEY `user_id` (`user_id`),
  KEY `privilege_id` (`privilege_id`),
  CONSTRAINT `user_privileges_fk` FOREIGN KEY (`user_id`) REFERENCES `user` (`user_id`),
  CONSTRAINT `user_privileges_fk1` FOREIGN KEY (`privilege_id`) REFERENCES `privileges` (`privilege_id`)
) ENGINE=InnoDB DEFAULT CHARSET=latin1;

#
# Structure for the `user_size` table : 
#

DROP TABLE IF EXISTS `user_size`;

CREATE TABLE `user_size` (
  `id` varchar(25) NOT NULL,
  `size_id` varchar(25) NOT NULL,
  `user_id` bigint(20) unsigned NOT NULL,
  PRIMARY KEY (`id`),
  KEY `FK_size_id` (`size_id`),
  KEY `FK_user_id` (`user_id`),
  CONSTRAINT `FK_size_id` FOREIGN KEY (`size_id`) REFERENCES `sizes` (`size_id`),
  CONSTRAINT `FK_user_id` FOREIGN KEY (`user_id`) REFERENCES `user` (`user_id`)
) ENGINE=InnoDB DEFAULT CHARSET=latin1;

#
# Data for the `sizes` table  (LIMIT 0,500)
#

INSERT INTO `sizes` (`size_id`, `width`, `length`) VALUES 
  ('1',6,6),
  ('2',8,8),
  ('3',12,12),
  ('4',2,2),
  ('5',16,16),
  ('prasad',4,4);

COMMIT;

#
# Data for the `role` table  (LIMIT 0,500)
#

INSERT INTO `role` (`role_id`, `role_type`) VALUES 
  ('1','DSA'),
  ('2','CA'),
  ('3','CU'),
  ('default','administrator'),
  ('prasad','administrator');

COMMIT;

#
# Data for the `lob_group` table  (LIMIT 0,500)
#

INSERT INTO `lob_group` (`lob_id`, `lob_name`, `created_user_id`) VALUES 
  (1,'lob1',22);

COMMIT;

#
# Data for the `corporate` table  (LIMIT 0,500)
#

INSERT INTO `corporate` (`corporate_id`, `corporate_account`, `address`, `telephone`, `fax`, `email`, `contact_name`, `license_start_date`, `license_end_date`, `corporate_name`, `corporate_status`, `description`) VALUES 
  (1,'dialog','prasad',334343,343434,'sdsdsd','prasad','2010-03-29 09:43:22','2010-03-29 09:43:22','',0,''),
  (2,'default','dqdq',33,33,'fsfsdf','sdas','2010-03-29 09:43:22','2010-03-29 09:43:22','',0,''),
  (7,'sdf','faf',4563,757,'fghf','asf','2012-07-24 14:43:41','2012-07-24 14:43:41','dxfds',0,'asf'),
  (8,'eap','eee',778,8787,'eee','eee','2012-07-25 10:27:21','2012-07-25 10:27:21','edirisinghe',2,'eee'),
  (9,'dd','gdg',4645,4645,'dilumc7@gmail.com','dd','2012-07-25 10:34:43','2012-07-25 10:34:43','dddd',2,'dd'),
  (10,'ertrt','ert',87587,78,'ert','ert','2012-07-25 10:39:38','2012-07-25 10:39:38','drtrd',2,'ert'),
  (11,'sdf','sf',86,456,'sf','sdf','2012-07-25 11:07:46','2012-07-25 11:07:46','sf',2,'sf');

COMMIT;

#
# Data for the `user` table  (LIMIT 0,500)
#

INSERT INTO `user` (`user_id`, `user_name`, `password`, `corporate_id`, `name`, `mobile`, `email`, `description`, `role_id`, `lob_id`, `last_login_date`) VALUES 
  ('1','DSA','dsa',1,'dialogsuperadmin',1174255,'dialog@gmail.com','dialog super admin','1',1,'2012-07-25'),
  ('2','CA','ca',2,'corporate admin',1142582,'eap@gmail.com','corporate admin for','2',1,'2012-07-25'),
  ('22','prasad','prasad',1,'prasad',2323,'prasad@example.com','dfdfdf','prasad',1,'2012-06-14 10:21:59'),
  ('23','default','default',2,'default',3242,'dfs@lk.com','dfdf','default',1,'2012-06-14 10:21:59'),
  ('24','sfd','sdad',11,'sdf',546546,'sf','sf','2',NULL,'2012-07-25 11:07:46');

COMMIT;

#
# Data for the `barcode` table  (LIMIT 0,500)
#

INSERT INTO `barcode` (`barcode_id`, `user_id`, `date_created`, `type`, `bc_action_id`, `imge_type`, `error_correction_level`, `exp_date`, `size_id`) VALUES 
  ('201200131258315153608','23','2012-01-13 12:58:31','1','2','1','L','2012-01-13 12:58:31','prasad'),
  ('201200131259196249073','23','2012-01-13 12:59:19','1','4','1','L','2012-01-13 12:59:19','prasad'),
  ('201200131313024371099','22','2012-01-13 13:13:02','1','4','1','L','2012-01-13 13:13:02','prasad'),
  ('201200131313183288070','22','2012-01-13 13:13:18','1','4','1','L','2012-01-13 13:13:18','2'),
  ('201200131357224689884','22','2012-01-13 13:57:42','2','1','1','L','2012-01-13 13:57:42','4'),
  ('201200131358462185862','22','2012-01-13 13:58:47','2','2','1','L','2012-01-13 13:58:47','4'),
  ('201200131359034067314','22','2012-01-13 13:59:18','2','5','1','L','2012-01-13 13:59:18','prasad'),
  ('201200131400138748111','22','2012-01-13 14:00:16','2','1','1','L','2012-01-13 14:00:16','4'),
  ('201200131400284067371','22','2012-01-13 14:00:34','2','2','1','L','2012-01-13 14:00:34','4'),
  ('201200131400465939009','22','2012-01-13 14:00:50','2','5','1','L','2012-01-13 14:00:50','prasad'),
  ('201200131401023594089','22','2012-01-13 14:01:35','2','3','1','L','2012-01-13 14:01:35','4'),
  ('201200131409037498732','22','2012-01-13 14:10:11','2','3','1','L','2012-01-13 14:10:11','4'),
  ('201200131412414372456','22','2012-01-13 14:12:41','2','3','1','L','2012-01-13 14:12:41','4'),
  ('201200131413013591467','22','2012-01-13 14:13:01','2','3','1','L','2012-01-13 14:13:01','4'),
  ('201200131414035789101','22','2012-01-13 14:15:11','2','3','1','L','2012-01-13 14:15:11','4'),
  ('201200131440100786905','22','2012-01-13 14:41:03','2','3','1','L','2012-01-13 14:41:03','4'),
  ('201200131444068908273','22','2012-01-13 14:44:25','2','3','1','L','2012-01-13 14:44:25','4'),
  ('201200131451266403849','22','2012-01-13 14:51:41','2','3','1','L','2012-01-13 14:51:41','4'),
  ('201200131508407960259','22','2012-01-13 15:08:40','2','3','1','L','2012-01-13 15:08:40','4'),
  ('201200131513235932292','23','2012-01-13 15:13:23','1','1','1','L','2012-01-13 15:13:23','prasad'),
  ('201200131514012815425','22','2012-01-13 15:14:01','2','1','1','L','2012-01-13 15:14:01','4'),
  ('201200131514124067290','22','2012-01-13 15:14:12','2','2','1','L','2012-01-13 15:14:12','4'),
  ('201200131514232659919','22','2012-01-13 15:14:23','2','5','1','L','2012-01-13 15:14:23','prasad'),
  ('201200131514341249982','22','2012-01-13 15:14:34','2','3','1','L','2012-01-13 15:14:34','4'),
  ('201200131516456719551','22','2012-01-13 15:16:45','2','1','1','L','2012-01-13 15:16:45','4'),
  ('201200131516567653774','22','2012-01-13 15:16:56','2','2','1','L','2012-01-13 15:16:56','4'),
  ('201200131517076561048','22','2012-01-13 15:17:07','2','5','1','L','2012-01-13 15:17:07','prasad'),
  ('201200131517185153286','22','2012-01-13 15:17:18','2','3','1','L','2012-01-13 15:17:18','prasad'),
  ('201200131517296870810','22','2012-01-13 15:17:29','2','4','1','L','2012-01-13 15:17:29','prasad'),
  ('201200131522583436540','22','2012-01-13 15:22:58','2','1','1','L','2012-01-13 15:22:58','4'),
  ('201200131523139683119','22','2012-01-13 15:23:13','2','2','1','L','2012-01-13 15:23:13','4'),
  ('201200131523249531358','22','2012-01-13 15:23:24','2','5','1','L','2012-01-13 15:23:24','prasad'),
  ('201200131523358289035','22','2012-01-13 15:23:35','2','3','1','L','2012-01-13 15:23:35','prasad'),
  ('201200131523471242736','22','2012-01-13 15:23:47','2','4','1','L','2012-01-13 15:23:47','prasad'),
  ('201200131535325159173','23','2012-01-13 15:35:32','1','1','1','L','2012-01-13 15:35:32','prasad'),
  ('201200131536197185140','22','2012-01-13 15:36:19','2','1','1','L','2012-01-13 15:36:19','4'),
  ('201200131536310156902','22','2012-01-13 15:36:31','2','2','1','L','2012-01-13 15:36:31','4'),
  ('201200131536418903948','22','2012-01-13 15:36:41','2','5','1','L','2012-01-13 15:36:41','prasad'),
  ('201200131536527815888','22','2012-01-13 15:36:52','2','3','1','L','2012-01-13 15:36:52','prasad'),
  ('201200131537040150590','22','2012-01-13 15:37:04','2','4','1','L','2012-01-13 15:37:04','prasad'),
  ('201200131539180316605','22','2012-01-13 15:39:23','2','1','1','L','2012-01-13 15:39:23','4'),
  ('201200131541038590776','22','2012-01-13 15:41:03','2','1','1','L','2012-01-13 15:41:03','4'),
  ('201200131541212498143','22','2012-01-13 15:41:21','2','2','1','L','2012-01-13 15:41:21','4'),
  ('201200131541322348133','22','2012-01-13 15:41:32','2','5','1','L','2012-01-13 15:41:32','prasad'),
  ('201200131541431097273','22','2012-01-13 15:41:43','2','3','1','L','2012-01-13 15:41:43','prasad'),
  ('201200131541543284201','22','2012-01-13 15:41:54','2','4','1','L','2012-01-13 15:41:54','prasad'),
  ('201200131542238900315','23','2012-01-13 15:42:23','1','1','1','L','2012-01-13 15:42:23','prasad'),
  ('201200131546590786065','23','2012-01-13 15:46:59','1','1','1','L','2012-01-13 15:46:59','prasad'),
  ('201200131547426241756','22','2012-01-13 15:47:42','2','1','1','L','2012-01-13 15:47:42','4'),
  ('201200131547538435675','22','2012-01-13 15:47:53','2','2','1','L','2012-01-13 15:47:53','4'),
  ('201200131548047036018','22','2012-01-13 15:48:04','2','5','1','L','2012-01-13 15:48:04','prasad'),
  ('201200131548155935329','22','2012-01-13 15:48:15','2','3','1','L','2012-01-13 15:48:15','prasad'),
  ('201200131548267814151','22','2012-01-13 15:48:26','2','4','1','L','2012-01-13 15:48:26','prasad'),
  ('201200131553359683972','22','2012-01-13 15:53:35','2','1','1','L','2012-01-13 15:53:35','4'),
  ('201200131553504996288','22','2012-01-13 15:53:50','2','2','1','L','2012-01-13 15:53:50','4'),
  ('201200131554015155354','22','2012-01-13 15:54:01','2','5','1','L','2012-01-13 15:54:01','prasad'),
  ('201200131554123592601','22','2012-01-13 15:54:12','2','3','1','L','2012-01-13 15:54:12','prasad'),
  ('201200131554235468219','22','2012-01-13 15:54:23','2','4','1','L','2012-01-13 15:54:23','prasad'),
  ('201200131557350783155','22','2012-01-13 15:57:35','2','1','1','L','2012-01-13 15:57:35','4'),
  ('201200131557537496651','22','2012-01-13 15:57:53','2','2','1','L','2012-01-13 15:57:53','4'),
  ('201200131558047964009','22','2012-01-13 15:58:04','2','5','1','L','2012-01-13 15:58:04','prasad'),
  ('201200131558157034963','22','2012-01-13 15:58:15','2','3','1','L','2012-01-13 15:58:15','prasad'),
  ('201200131558268597402','22','2012-01-13 15:58:26','2','4','1','L','2012-01-13 15:58:26','prasad'),
  ('201200131651335155703','23','2012-01-13 16:51:33','1','4','1','L','2012-01-13 16:51:33','prasad'),
  ('201200131652342810529','23','2012-01-13 16:52:34','1','4','1','L','2012-01-13 16:52:34','prasad'),
  ('201200131655377182489','23','2012-01-13 16:55:37','1','2','1','L','2012-01-13 16:55:37','prasad'),
  ('201200131658498288607','23','2012-01-13 16:59:49','1','2','1','L','2012-01-13 16:59:49','prasad'),
  ('201200131704400154668','23','2012-01-13 17:04:56','1','4','1','L','2012-01-13 17:04:56','prasad'),
  ('201200131714362658657','23','2012-01-13 17:14:36','1','1','1','L','2012-01-13 17:14:36','prasad'),
  ('201200131717509533561','23','2012-01-13 17:17:50','1','1','1','L','2012-01-13 17:17:50','prasad'),
  ('201200131718247812900','23','2012-01-13 17:18:24','1','1','1','L','2012-01-13 17:18:24','prasad'),
  ('201200131731397968553','23','2012-01-13 17:31:39','3','1','1','L','2012-01-13 17:31:39','prasad'),
  ('201200140917139063076','23','2012-01-14 09:17:13','1','1','1','L','2012-01-14 09:17:13','prasad'),
  ('201200191418060786189','22','2012-01-19 14:18:06','3','1','1','L','2012-01-19 14:18:06','prasad'),
  ('201200191424280783274','22','2012-01-19 14:24:28','1','1','1','L','2012-01-19 14:24:28','prasad'),
  ('201200191436436873324','22','2012-01-19 14:36:43','3','1','1','L','2012-01-19 14:36:43','prasad'),
  ('201200191709071251132','22','2012-01-19 17:09:07','3','1','1','L','2012-01-19 17:09:07','prasad'),
  ('201200191716222656900','23','2012-01-19 17:16:22','1','1','1','L','2012-01-19 17:16:22','prasad'),
  ('201200191716444843966','23','2012-01-19 17:16:44','1','1','1','H','2012-01-19 17:16:44','1'),
  ('201200191808439061429','23','2012-01-19 18:08:43','3','1','1','L','2012-01-19 18:08:43','prasad'),
  ('201200191836063592441','23','2012-01-19 18:36:06','1','1','1','L','2012-01-19 18:36:06','prasad'),
  ('201200200946088595695','23','2012-01-20 09:46:08','1','1','1','L','2012-01-20 09:46:08','prasad'),
  ('201200201021139848093','23','2012-01-20 10:21:13','3','1','1','L','2012-01-20 10:21:13','prasad'),
  ('201200201021363753153','23','2012-01-20 10:21:36','1','1','1','L','2012-01-20 10:21:36','prasad'),
  ('201200201022064376570','23','2012-01-20 10:22:06','1','1','1','L','2012-01-20 10:22:06','prasad'),
  ('201200201023492031390','23','2012-01-20 10:23:49','3','1','1','L','2012-01-20 10:23:49','prasad'),
  ('201200201024196096749','23','2012-01-20 10:24:19','1','1','1','L','2012-01-20 10:24:19','prasad'),
  ('201200201025378126792','23','2012-01-20 10:25:37','3','1','1','L','2012-01-20 10:25:37','prasad'),
  ('201200201027039376292','23','2012-01-20 10:27:03','1','1','1','L','2012-01-20 10:27:03','prasad'),
  ('201200201027574846668','22','2012-01-20 10:27:57','3','1','1','L','2012-01-20 10:27:57','prasad'),
  ('201200201029089062502','23','2012-01-20 10:29:08','1','2','1','L','2012-01-20 10:29:08','prasad'),
  ('201200201029461874781','23','2012-01-20 10:29:46','3','1','1','L','2012-01-20 10:29:46','prasad'),
  ('201200201030141402781','23','2012-01-20 10:30:14','5','1','1','L','2012-01-20 10:30:14','prasad'),
  ('201200201030509215403','23','2012-01-20 10:30:50','1','1','1','L','2012-01-20 10:30:50','prasad'),
  ('201200201031346099860','23','2012-01-20 10:31:34','1','1','1','L','2012-01-20 10:31:34','prasad'),
  ('201200201032033287727','23','2012-01-20 10:32:03','4','1','1','L','2012-01-20 10:32:03','prasad'),
  ('201200201033139539953','23','2012-01-20 10:33:13','1','1','1','L','2012-01-20 10:33:13','prasad'),
  ('201200201113254062804','23','2012-01-20 11:13:25','1','1','1','L','2012-01-20 11:13:25','prasad'),
  ('201200201114337032178','22','2012-01-20 11:14:33','3','1','1','L','2012-01-20 11:14:33','prasad'),
  ('201200201118084680764','23','2012-01-20 11:18:08','1','1','1','L','2012-01-20 11:18:08','prasad'),
  ('201200201123337504851','23','2012-01-20 11:23:33','3','1','1','L','2012-01-20 11:23:33','prasad'),
  ('201200201125407816355','23','2012-01-20 11:25:40','1','1','1','L','2012-01-20 11:25:40','prasad'),
  ('201200201134009847624','23','2012-01-20 11:34:01','1','1','1','L','2012-01-20 11:34:01','prasad'),
  ('201200201144289373101','23','2012-01-20 11:44:28','3','1','1','L','2012-01-20 11:44:28','prasad'),
  ('201200201147383439137','23','2012-01-20 11:47:38','1','1','1','L','2012-01-20 11:47:38','prasad'),
  ('201200201223400152793','23','2012-01-20 12:23:40','1','1','1','L','2012-01-20 12:23:40','prasad'),
  ('201200201225591562989','22','2012-01-20 12:25:59','3','1','1','L','2012-01-20 12:25:59','prasad'),
  ('201200201232300460338','23','2012-01-20 12:32:30','1','1','1','L','2012-01-20 12:32:30','prasad'),
  ('201200201239464065989','23','2012-01-20 12:39:46','1','1','1','L','2012-01-20 12:39:46','prasad'),
  ('201200201241124847217','22','2012-01-20 12:41:12','1','1','1','L','2012-01-20 12:41:12','prasad'),
  ('201200201246542965532','23','2012-01-20 12:46:54','4','1','1','L','2012-01-20 12:46:54','prasad'),
  ('201200201248087654491','22','2012-01-20 12:48:08','1','1','1','L','2012-01-20 12:48:08','prasad'),
  ('201200201248380003719','22','2012-01-20 12:48:38','4','1','1','L','2012-01-20 12:48:38','prasad'),
  ('201200201251077812402','23','2012-01-20 12:51:07','1','1','1','L','2012-01-20 12:51:07','prasad'),
  ('201200201259510935099','23','2012-01-20 12:59:51','1','1','1','L','2012-01-20 12:59:51','prasad'),
  ('201200201301274539815','22','2012-01-20 13:01:27','1','1','1','L','2012-01-20 13:01:27','prasad'),
  ('201200201303051561414','22','2012-01-20 13:03:05','1','1','1','L','2012-01-20 13:03:05','prasad'),
  ('201200201307045463843','22','2012-01-20 13:07:04','4','1','1','L','2012-01-20 13:07:04','prasad'),
  ('201200201356266712444','23','2012-01-20 13:56:26','1','1','1','L','2012-01-20 13:56:26','prasad'),
  ('201200201401065151403','23','2012-01-20 14:01:06','1','1','1','L','2012-01-20 14:01:06','prasad'),
  ('201200201403296092684','23','2012-01-20 14:03:29','4','1','1','L','2012-01-20 14:03:29','prasad'),
  ('201200201404543751613','23','2012-01-20 14:04:54','1','1','1','L','2012-01-20 14:04:54','prasad'),
  ('201200201405485781287','23','2012-01-20 14:05:48','1','1','1','L','2012-01-20 14:05:48','prasad'),
  ('201200201406558286743','23','2012-01-20 14:06:55','4','1','1','L','2012-01-20 14:06:55','prasad'),
  ('201200201409135936116','23','2012-01-20 14:09:13','1','1','1','L','2012-01-20 14:09:13','prasad'),
  ('201200201413228282657','23','2012-01-20 14:13:22','1','1','1','L','2012-01-20 14:13:22','prasad'),
  ('201200201432407652299','23','2012-01-20 14:32:40','1','1','1','L','2012-01-20 14:32:40','prasad'),
  ('201200201447412962226','23','2012-01-20 14:47:41','1','1','1','L','2012-01-20 14:47:41','prasad'),
  ('201200201453409537170','23','2012-01-20 14:53:40','1','1','1','L','2012-01-20 14:53:40','prasad'),
  ('201200201505182968015','23','2012-01-20 15:05:18','1','2','1','L','2012-01-20 15:05:18','prasad'),
  ('201200201506547506340','22','2012-01-20 15:06:54','4','2','1','L','2012-01-20 15:06:54','prasad'),
  ('201200201507056876020','22','2012-01-20 15:07:05','1','2','1','L','2012-01-20 15:07:05','2'),
  ('201200201508392816374','22','2012-01-20 15:08:39','4','1','1','L','2012-01-20 15:08:39','prasad'),
  ('201200201512134374259','22','2012-01-20 15:12:13','1','1','1','L','2012-01-20 15:12:13','prasad'),
  ('201200201512245937736','22','2012-01-20 15:12:24','4','1','1','L','2012-01-20 15:12:24','2'),
  ('201200201513077815985','22','2012-01-20 15:13:07','1','1','1','L','2012-01-20 15:13:07','prasad'),
  ('201200201513188437616','22','2012-01-20 15:13:18','1','1','1','L','2012-01-20 15:13:18','2'),
  ('201200201513444218330','22','2012-01-20 15:13:44','4','1','1','L','2012-01-20 15:13:44','prasad'),
  ('201200201516476099989','22','2012-01-20 15:16:47','1','1','1','L','2012-01-20 15:16:47','prasad'),
  ('201200201517020314613','22','2012-01-20 15:17:02','4','1','1','L','2012-01-20 15:17:02','2'),
  ('201200201523189211309','23','2012-01-20 15:23:18','1','1','1','H','2012-01-20 15:23:18','1'),
  ('201200201524191874519','22','2012-01-20 15:24:19','1','1','1','M','2012-01-20 15:24:19','2'),
  ('201200201524300784789','22','2012-01-20 15:24:30','4','1','1','M','2012-01-20 15:24:30','prasad'),
  ('201200201524577816001','22','2012-01-20 15:24:57','1','1','1','L','2012-01-20 15:24:57','prasad'),
  ('201200201525087652957','22','2012-01-20 15:25:08','1','1','1','L','2012-01-20 15:25:08','2'),
  ('201200201525431872111','22','2012-01-20 15:25:43','4','1','1','L','2012-01-20 15:25:43','prasad'),
  ('201200201527478595065','22','2012-01-20 15:27:47','1','1','1','L','2012-01-20 15:27:47','prasad'),
  ('201200201528089682652','22','2012-01-20 15:28:08','4','1','1','L','2012-01-20 15:28:08','prasad'),
  ('201200201528198753974','22','2012-01-20 15:28:19','1','1','1','L','2012-01-20 15:28:19','2'),
  ('201200201528389688692','22','2012-01-20 15:28:38','4','1','1','L','2012-01-20 15:28:38','prasad'),
  ('201200201528498593037','22','2012-01-20 15:28:49','1','1','1','L','2012-01-20 15:28:49','2'),
  ('201200201531330465519','22','2012-01-20 15:31:33','2','1','1','L','2012-01-20 15:31:33','4'),
  ('201200201531445009167','22','2012-01-20 15:31:44','2','2','1','L','2012-01-20 15:31:44','4'),
  ('201200201531552509493','22','2012-01-20 15:31:55','2','5','1','L','2012-01-20 15:31:55','prasad'),
  ('201200201542303122538','22','2012-01-20 15:42:30','2','1','1','L','2012-01-20 15:42:30','4'),
  ('201200201542475781790','22','2012-01-20 15:42:47','2','2','1','L','2012-01-20 15:42:47','4'),
  ('201200201542583282387','22','2012-01-20 15:42:58','2','5','1','L','2012-01-20 15:42:58','prasad'),
  ('201200201550020620062','22','2012-01-20 15:50:02','2','1','1','L','2012-01-20 15:50:02','4'),
  ('201200201550128904536','22','2012-01-20 15:50:12','2','2','1','L','2012-01-20 15:50:12','4'),
  ('201200201550236561159','22','2012-01-20 15:50:23','2','5','1','L','2012-01-20 15:50:23','prasad'),
  ('201200201555075782963','22','2012-01-20 15:55:07','2','1','1','L','2012-01-20 15:55:07','4'),
  ('201200201555215159651','22','2012-01-20 15:55:21','2','2','1','L','2012-01-20 15:55:21','4'),
  ('201200201555322968953','22','2012-01-20 15:55:32','2','5','1','L','2012-01-20 15:55:32','prasad'),
  ('201200201603330152898','22','2012-01-20 16:03:33','2','1','1','L','2012-01-20 16:03:33','4'),
  ('201200201603504372718','22','2012-01-20 16:03:50','2','2','1','L','2012-01-20 16:03:50','4'),
  ('201200201604013123707','22','2012-01-20 16:04:01','2','5','1','L','2012-01-20 16:04:01','prasad'),
  ('201200201653115319532','22','2012-01-20 16:53:11','1','1','1','L','2012-01-20 16:53:11','prasad'),
  ('201200201653489538799','22','2012-01-20 16:53:48','1','1','1','L','2012-01-20 16:53:48','prasad'),
  ('201200201654048907906','22','2012-01-20 16:54:04','1','1','1','L','2012-01-20 16:54:04','prasad'),
  ('201200201654406562194','22','2012-01-20 16:54:40','1','1','1','L','2012-01-20 16:54:40','prasad'),
  ('201200201702346567405','23','2012-01-20 17:02:34','1','4','1','L','2012-01-20 17:02:34','prasad'),
  ('201200201703143759013','23','2012-01-20 17:03:14','2','5','1','L','2012-01-20 17:03:14','prasad'),
  ('201200201704006097589','23','2012-01-20 17:04:00','2','5','1','L','2012-01-20 17:04:00','prasad'),
  ('201200201704335002431','22','2012-01-20 17:04:33','1','4','1','L','2012-01-20 17:04:33','prasad'),
  ('201200201705024680765','22','2012-01-20 17:05:02','1','5','1','L','2012-01-20 17:05:02','prasad'),
  ('201200201711533120004','23','2012-01-20 17:11:53','1','1','1','L','2012-01-20 17:11:53','prasad'),
  ('201200201719153125807','23','2012-01-20 17:19:15','1','1','1','L','2012-01-20 17:19:15','prasad'),
  ('201200201735215154321','23','2012-01-20 17:35:21','1','1','1','L','2012-01-20 17:35:21','prasad'),
  ('201200201743470622730','23','2012-01-20 17:43:47','1','1','1','L','2012-01-20 17:43:47','prasad'),
  ('201200201744104379761','23','2012-01-20 17:44:10','1','1','1','L','2012-01-20 17:44:10','prasad'),
  ('201200201747426561049','23','2012-01-20 17:47:42','1','1','1','L','2012-01-20 17:47:42','prasad'),
  ('201200201748099530981','23','2012-01-20 17:48:09','1','1','1','L','2012-01-20 17:48:09','prasad'),
  ('201200201748417961065','22','2012-01-20 17:48:41','1','1','1','L','2012-01-20 17:48:41','prasad'),
  ('201200201749373757194','22','2012-01-20 17:49:37','1','1','1','L','2012-01-20 17:49:37','prasad'),
  ('201200250923079060195','23','2012-01-25 09:23:07','1','2','1','L','2012-01-25 09:23:07','prasad'),
  ('201200250930574848419','23','2012-01-25 09:30:57','1','2','1','L','2012-01-25 09:30:57','prasad'),
  ('201200250936287348231','23','2012-01-25 09:36:28','1','1','1','L','2012-01-25 09:36:28','prasad'),
  ('201200250949131401620','23','2012-01-25 09:49:13','1','1','1','L','2012-01-25 09:49:13','prasad'),
  ('201200250951064218868','23','2012-01-25 09:51:13','1','1','1','L','2012-01-25 09:51:13','prasad'),
  ('201200250957121401983','23','2012-01-25 09:57:12','1','1','1','L','2012-01-25 09:57:12','prasad'),
  ('201200251007431560052','23','2012-01-25 10:07:43','1','1','1','L','2012-01-25 10:07:43','prasad'),
  ('201200251011497655490','23','2012-01-25 10:11:49','1','1','1','L','2012-01-25 10:11:49','prasad'),
  ('201200251012381251622','22','2012-01-25 10:12:38','1','1','1','L','2012-01-25 10:12:38','prasad'),
  ('201200251012393439833','22','2012-01-25 10:12:39','1','1','1','L','2012-01-25 10:12:39','2'),
  ('201200251013535787029','22','2012-01-25 10:13:53','2','1','1','L','2012-01-25 10:13:53','4'),
  ('201200251013550786416','22','2012-01-25 10:13:55','2','2','1','L','2012-01-25 10:13:55','4'),
  ('201200251013559218458','22','2012-01-25 10:13:55','2','5','1','L','2012-01-25 10:13:55','prasad'),
  ('201200251013568751467','22','2012-01-25 10:13:56','2','3','1','L','2012-01-25 10:13:56','prasad'),
  ('201200251013581402574','22','2012-01-25 10:13:58','2','4','1','L','2012-01-25 10:13:58','prasad'),
  ('201200251018506403261','23','2012-01-25 10:18:50','1','1','1','L','2012-01-25 10:18:50','prasad'),
  ('201200251019451562011','23','2012-01-25 10:19:45','1','2','1','L','2012-01-25 10:19:45','prasad'),
  ('201200251020143753686','23','2012-01-25 10:20:14','1','2','1','L','2012-01-25 10:20:14','prasad'),
  ('201200251022042650300','22','2012-01-25 10:22:04','1','2','1','L','2012-01-25 10:22:04','prasad'),
  ('201200251022051711692','22','2012-01-25 10:22:05','1','2','1','L','2012-01-25 10:22:05','2'),
  ('201200251022061401115','22','2012-01-25 10:22:06','1','2','1','L','2012-01-25 10:22:06','3'),
  ('201200251022070935233','22','2012-01-25 10:22:07','1','2','1','L','2012-01-25 10:22:07','5'),
  ('201200251023384375966','22','2012-01-25 10:23:38','1','2','1','L','2012-01-25 10:23:38','prasad'),
  ('201200251023394370039','22','2012-01-25 10:23:39','1','2','1','L','2012-01-25 10:23:39','2'),
  ('201200251023406874113','22','2012-01-25 10:23:40','1','2','1','L','2012-01-25 10:23:40','prasad'),
  ('201200251023415780516','22','2012-01-25 10:23:41','1','2','1','L','2012-01-25 10:23:41','2'),
  ('201200251025344067607','22','2012-01-25 10:25:34','1','1','1','L','2012-01-25 10:25:34','prasad'),
  ('201200251025354063774','22','2012-01-25 10:25:35','1','1','1','L','2012-01-25 10:25:35','2'),
  ('201200251027581560857','22','2012-01-25 10:27:58','1','1','1','L','2012-01-25 10:27:58','5'),
  ('201200251027593122527','22','2012-01-25 10:27:59','1','1','1','L','2012-01-25 10:27:59','5'),
  ('201200251028213908152','22','2012-01-25 10:28:21','1','1','1','L','2012-01-25 10:28:21','5'),
  ('201200251054017505851','22','2012-01-25 10:54:01','1','1','1','L','2012-01-25 10:54:01','prasad'),
  ('201200251054103126230','22','2012-01-25 10:54:10','1','1','1','L','2012-01-25 10:54:10','2'),
  ('201200251114086090706','22','2012-01-25 11:14:08','1','1','1','L','2012-01-25 11:14:08','prasad'),
  ('201200251115034216672','23','2012-01-25 11:15:03','1','1','1','L','2012-01-25 11:15:03','prasad'),
  ('201200251115299373581','22','2012-01-25 11:15:29','1','1','1','L','2012-01-25 11:15:29','prasad'),
  ('201200251115309060282','22','2012-01-25 11:15:30','1','1','1','L','2012-01-25 11:15:30','2'),
  ('201200251115317657011','22','2012-01-25 11:15:31','1','1','1','L','2012-01-25 11:15:31','5'),
  ('201200251121543431919','22','2012-01-25 11:21:54','1','1','1','L','2012-01-25 11:21:54','prasad'),
  ('201200251121572817074','22','2012-01-25 11:21:57','1','1','1','L','2012-01-25 11:21:57','2'),
  ('201200251125491404765','22','2012-01-25 11:25:49','1','1','1','L','2012-01-25 11:25:49','prasad'),
  ('201200251125552344212','22','2012-01-25 11:25:55','1','1','1','L','2012-01-25 11:25:55','2'),
  ('201200251127133127222','22','2012-01-25 11:27:13','1','1','1','L','2012-01-25 11:27:13','prasad'),
  ('201200251127144376262','22','2012-01-25 11:27:14','1','1','1','L','2012-01-25 11:27:14','2'),
  ('201200251127322810249','22','2012-01-25 11:27:32','1','1','1','L','2012-01-25 11:27:32','prasad'),
  ('201200251127333901808','22','2012-01-25 11:27:33','1','1','1','L','2012-01-25 11:27:33','2'),
  ('201200251128093900582','22','2012-01-25 11:28:09','1','1','1','L','2012-01-25 11:28:09','prasad'),
  ('201200251128105005195','22','2012-01-25 11:28:10','1','1','1','L','2012-01-25 11:28:10','2'),
  ('201200251128490932745','22','2012-01-25 11:28:49','1','1','1','L','2012-01-25 11:28:49','prasad'),
  ('201200251128501879007','22','2012-01-25 11:28:50','1','1','1','L','2012-01-25 11:28:50','2'),
  ('201200251128512185802','22','2012-01-25 11:28:51','1','1','1','L','2012-01-25 11:28:51','3'),
  ('201200251135037187581','22','2012-01-25 11:35:03','1','1','1','L','2012-01-25 11:35:03','prasad'),
  ('201200251135047966744','22','2012-01-25 11:35:04','1','1','1','L','2012-01-25 11:35:04','2'),
  ('201200251135057186027','22','2012-01-25 11:35:05','1','1','1','L','2012-01-25 11:35:05','prasad'),
  ('201200251135068127458','22','2012-01-25 11:35:06','1','1','1','L','2012-01-25 11:35:06','5'),
  ('201200251135367036446','22','2012-01-25 11:35:36','1','1','1','L','2012-01-25 11:35:36','prasad'),
  ('201200251135377651144','22','2012-01-25 11:35:37','1','1','1','L','2012-01-25 11:35:37','prasad'),
  ('201200251135388430044','22','2012-01-25 11:35:38','1','1','1','L','2012-01-25 11:35:38','prasad'),
  ('201200251141436877857','22','2012-01-25 11:41:43','1','1','1','L','2012-01-25 11:41:43','prasad'),
  ('201200251141496870662','22','2012-01-25 11:41:49','1','1','1','L','2012-01-25 11:41:49','2'),
  ('201200251141507812759','22','2012-01-25 11:41:50','1','1','1','L','2012-01-25 11:41:50','prasad'),
  ('201200251142164061903','22','2012-01-25 11:42:16','1','1','1','L','2012-01-25 11:42:16','prasad'),
  ('201200251142175468866','22','2012-01-25 11:42:17','1','1','1','L','2012-01-25 11:42:17','2'),
  ('201200251143072345826','23','2012-01-25 11:43:07','1','1','1','L','2012-01-25 11:43:07','prasad'),
  ('201200251145324210984','23','2012-01-25 11:45:32','1','1','1','L','2012-01-25 11:45:32','prasad'),
  ('201200251146052503979','22','2012-01-25 11:46:05','1','1','1','L','2012-01-25 11:46:05','prasad'),
  ('201200251146062345449','22','2012-01-25 11:46:06','1','1','1','L','2012-01-25 11:46:06','2'),
  ('201200251146071874594','22','2012-01-25 11:46:07','1','1','1','L','2012-01-25 11:46:07','3'),
  ('201200251202362038405','22','2012-01-25 12:02:36','1','1','1','L','2012-01-25 12:02:36','prasad'),
  ('201200251202427182592','22','2012-01-25 12:02:42','1','1','1','L','2012-01-25 12:02:42','2'),
  ('201200251212199068943','23','2012-01-25 12:12:19','1','1','1','L','2012-01-25 12:12:19','prasad'),
  ('201200251213104537507','22','2012-01-25 12:13:10','1','1','1','L','2012-01-25 12:13:10','prasad'),
  ('201200251213114217568','22','2012-01-25 12:13:11','1','1','1','L','2012-01-25 12:13:11','3'),
  ('201200251213124060278','22','2012-01-25 12:13:12','1','1','1','L','2012-01-25 12:13:12','5'),
  ('201200251213455152215','22','2012-01-25 12:13:45','2','1','1','L','2012-01-25 12:13:45','4'),
  ('201200251213477037664','22','2012-01-25 12:13:47','2','2','1','L','2012-01-25 12:13:47','4'),
  ('201200251216435935962','22','2012-01-25 12:16:43','2','1','1','L','2012-01-25 12:16:43','4'),
  ('201200251216495005630','22','2012-01-25 12:16:49','2','2','1','L','2012-01-25 12:16:49','4'),
  ('201200251216503596113','22','2012-01-25 12:16:50','2','5','1','L','2012-01-25 12:16:50','prasad'),
  ('201200251216512030991','22','2012-01-25 12:16:51','2','3','1','L','2012-01-25 12:16:51','prasad'),
  ('201200251216523128616','22','2012-01-25 12:16:52','2','4','1','L','2012-01-25 12:16:52','prasad'),
  ('201200251218599373656','23','2012-01-25 12:18:59','1','2','1','L','2012-01-25 12:18:59','prasad'),
  ('201200251219204685539','23','2012-01-25 12:19:20','1','2','1','L','2012-01-25 12:19:20','prasad'),
  ('201200251219447506058','23','2012-01-25 12:19:44','1','2','1','L','2012-01-25 12:19:44','prasad'),
  ('201200251220207505596','23','2012-01-25 12:20:20','1','2','1','L','2012-01-25 12:20:20','prasad'),
  ('201200251220328597633','23','2012-01-25 12:20:32','2','2','1','L','2012-01-25 12:20:32','prasad'),
  ('201200251220428285266','23','2012-01-25 12:20:42','2','2','1','L','2012-01-25 12:20:42','prasad'),
  ('201200251221244539803','23','2012-01-25 12:21:24','2','2','1','L','2012-01-25 12:21:24','prasad'),
  ('201200251237343317863','23','2012-01-25 12:37:34','1','2','1','L','2012-01-25 12:37:34','prasad'),
  ('201200251237512681708','23','2012-01-25 12:37:51','2','2','1','L','2012-01-25 12:37:51','prasad'),
  ('201200251253505579099','23','2012-01-25 12:53:50','1','2','1','L','2012-01-25 12:53:50','prasad'),
  ('201200251254570602740','23','2012-01-25 12:54:57','1','1','1','L','2012-01-25 12:54:57','prasad'),
  ('201200251258347071759','23','2012-01-25 12:58:34','1','2','1','L','2012-01-25 12:58:34','prasad'),
  ('201200251258538133755','23','2012-01-25 12:58:53','2','2','1','L','2012-01-25 12:58:53','prasad'),
  ('201200251337097632314','22','2012-01-25 13:37:09','1','1','1','L','2012-01-25 13:37:09','prasad'),
  ('201200251337106539843','22','2012-01-25 13:37:10','1','1','1','L','2012-01-25 13:37:10','2'),
  ('201200251340579035655','23','2012-01-25 13:40:57','1','1','1','L','2012-01-25 13:40:57','prasad'),
  ('201200251341276387001','22','2012-01-25 13:41:27','1','1','1','L','2012-01-25 13:41:27','prasad'),
  ('201200251341382783280','22','2012-01-25 13:41:38','2','1','1','L','2012-01-25 13:41:38','4'),
  ('201200251341392328534','22','2012-01-25 13:41:39','2','2','1','L','2012-01-25 13:41:39','4'),
  ('201200251341399503869','22','2012-01-25 13:41:39','2','5','1','L','2012-01-25 13:41:39','prasad'),
  ('201200251341407946709','22','2012-01-25 13:41:40','2','3','1','L','2012-01-25 13:41:40','prasad'),
  ('201200251341419663526','22','2012-01-25 13:41:41','2','4','1','L','2012-01-25 13:41:41','prasad'),
  ('201200251531266220985','23','2012-01-25 15:31:26','1','1','1','L','2012-01-25 15:31:26','prasad'),
  ('201200251532060608003','22','2012-01-25 15:32:06','1','1','1','L','2012-01-25 15:32:06','prasad'),
  ('201200251532070606962','22','2012-01-25 15:32:07','1','1','1','L','2012-01-25 15:32:07','2'),
  ('201200251532079972264','22','2012-01-25 15:32:07','1','1','1','L','2012-01-25 15:32:07','5'),
  ('201200251532249199434','22','2012-01-25 15:32:24','2','1','1','L','2012-01-25 15:32:24','4'),
  ('201200251532259193783','22','2012-01-25 15:32:25','2','2','1','L','2012-01-25 15:32:25','4'),
  ('201200251532267009543','22','2012-01-25 15:32:26','2','5','1','L','2012-01-25 15:32:26','prasad'),
  ('201200251532274500593','22','2012-01-25 15:32:27','2','3','1','L','2012-01-25 15:32:27','prasad'),
  ('201200251532288259074','22','2012-01-25 15:32:28','2','4','1','L','2012-01-25 15:32:28','prasad'),
  ('201200251533387637811','22','2012-01-25 15:33:38','2','1','1','L','2012-01-25 15:33:38','prasad'),
  ('201200251533397477215','22','2012-01-25 15:33:39','2','1','1','L','2012-01-25 15:33:39','2'),
  ('201200251534177638341','22','2012-01-25 15:34:17','1','4','1','L','2012-01-25 15:34:17','prasad'),
  ('201200251535583258160','23','2012-01-25 15:35:58','1','1','1','L','2012-01-25 15:35:58','prasad'),
  ('201200251536198102157','22','2012-01-25 15:36:19','1','1','1','L','2012-01-25 15:36:19','prasad'),
  ('201200251536352009556','22','2012-01-25 15:36:35','2','1','1','L','2012-01-25 15:36:35','4'),
  ('201200251536360914732','22','2012-01-25 15:36:36','2','2','1','L','2012-01-25 15:36:36','4'),
  ('201200251536369197373','22','2012-01-25 15:36:36','2','5','1','L','2012-01-25 15:36:36','prasad'),
  ('201200251536376695779','22','2012-01-25 15:36:37','2','3','1','L','2012-01-25 15:36:37','prasad'),
  ('201200251536388721090','22','2012-01-25 15:36:38','2','4','1','L','2012-01-25 15:36:38','prasad'),
  ('201200251611582946435','23','2012-01-25 16:11:58','1','1','1','L','2012-01-25 16:11:58','prasad'),
  ('201200251613050752517','22','2012-01-25 16:13:05','1','2','1','L','2012-01-25 16:13:05','prasad'),
  ('201200251616041220055','22','2012-01-25 16:16:04','1','2','1','L','2012-01-25 16:16:04','prasad'),
  ('201200251617301384681','23','2012-01-25 16:17:30','1','1','1','L','2012-01-25 16:17:30','prasad'),
  ('201200251618107008604','22','2012-01-25 16:18:10','1','1','1','L','2012-01-25 16:18:10','prasad'),
  ('201200251619439198499','23','2012-01-25 16:19:43','1','1','1','L','2012-01-25 16:19:43','prasad'),
  ('201200251620175606570','22','2012-01-25 16:20:17','1','1','1','L','2012-01-25 16:20:17','prasad'),
  ('201200251620187004738','22','2012-01-25 16:20:18','1','1','1','L','2012-01-25 16:20:18','2'),
  ('201200251629369351482','23','2012-01-25 16:29:36','1','1','1','L','2012-01-25 16:29:36','prasad'),
  ('201200251640211386652','22','2012-01-25 16:40:21','2','1','1','L','2012-01-25 16:40:21','4'),
  ('201200251640295287909','22','2012-01-25 16:40:29','2','2','1','L','2012-01-25 16:40:29','4'),
  ('201200251640307786553','22','2012-01-25 16:40:30','2','5','1','L','2012-01-25 16:40:30','prasad'),
  ('201200251640318259872','22','2012-01-25 16:40:31','2','3','1','L','2012-01-25 16:40:31','prasad'),
  ('201200251640333724063','22','2012-01-25 16:40:33','2','4','1','L','2012-01-25 16:40:33','prasad'),
  ('201200251644091222051','22','2012-01-25 16:44:09','2','1','1','L','2012-01-25 16:44:09','4'),
  ('201200251644138572131','22','2012-01-25 16:44:13','2','2','1','L','2012-01-25 16:44:13','4'),
  ('201200251644148574185','22','2012-01-25 16:44:14','2','5','1','L','2012-01-25 16:44:14','prasad'),
  ('201200251644159033309','22','2012-01-25 16:44:15','2','3','1','L','2012-01-25 16:44:15','prasad'),
  ('201200251644171531052','22','2012-01-25 16:44:17','2','4','1','L','2012-01-25 16:44:17','prasad'),
  ('201200251644445751388','22','2012-01-25 16:44:44','1','1','1','L','2012-01-25 16:44:44','2'),
  ('201200251644457322462','22','2012-01-25 16:44:45','1','1','1','L','2012-01-25 16:44:45','prasad'),
  ('201200251658102475256','22','2012-01-25 16:58:10','1','1','1','L','2012-01-25 16:58:10','prasad'),
  ('201200251715394353861','22','2012-01-25 17:15:39','1','1','1','L','2012-01-25 17:15:39','prasad'),
  ('201200251726131538118','22','2012-01-25 17:26:13','1','1','1','L','2012-01-25 17:26:13','prasad'),
  ('201200251727104975983','22','2012-01-25 17:27:10','1','1','1','L','2012-01-25 17:27:10','prasad'),
  ('201200251729018885237','22','2012-01-25 17:29:01','1','1','1','L','2012-01-25 17:29:01','prasad'),
  ('201200251729456534216','22','2012-01-25 17:29:45','1','1','1','L','2012-01-25 17:29:45','prasad'),
  ('201200271039200621497','23','2012-01-27 10:39:20','1','1','1','L','2012-01-27 10:39:20','prasad'),
  ('201200271058277032384','23','2012-01-27 10:58:27','1','2','1','L','2012-01-27 10:58:27','prasad'),
  ('201200271058473125549','23','2012-01-27 10:58:47','1','4','1','L','2012-01-27 10:58:47','prasad'),
  ('201200271058537501944','23','2012-01-27 10:58:53','1','5','1','L','2012-01-27 10:58:53','prasad'),
  ('201200271101146565150','23','2012-01-27 11:01:14','1','4','1','L','2012-01-27 11:01:14','prasad'),
  ('201200271101315787610','23','2012-01-27 11:01:31','1','5','1','L','2012-01-27 11:01:31','prasad'),
  ('201200271104291401570','23','2012-01-27 11:04:29','1','1','1','L','2012-01-27 11:04:29','prasad'),
  ('201200271111376096502','23','2012-01-27 11:11:37','1','4','1','L','2012-01-27 11:11:37','prasad'),
  ('201200271113202184539','23','2012-01-27 11:13:20','1','5','1','L','2012-01-27 11:13:20','prasad'),
  ('201200271114015782241','23','2012-01-27 11:14:01','1','4','1','L','2012-01-27 11:14:01','prasad'),
  ('201200271114200315440','23','2012-01-27 11:14:20','1','5','1','L','2012-01-27 11:14:20','prasad'),
  ('201200271129293752512','23','2012-01-27 11:29:29','1','1','1','L','2012-01-27 11:29:29','prasad'),
  ('201200271130239534834','23','2012-01-27 11:30:23','1','1','1','L','2012-01-27 11:30:23','prasad'),
  ('201200271132544537062','23','2012-01-27 11:32:54','1','1','1','L','2012-01-27 11:32:54','prasad'),
  ('201200271133205312541','23','2012-01-27 11:33:20','1','1','1','L','2012-01-27 11:33:20','prasad'),
  ('201200271133433593110','23','2012-01-27 11:33:43','1','1','1','L','2012-01-27 11:33:43','prasad'),
  ('201200271136144684747','23','2012-01-27 11:36:14','1','1','1','L','2012-01-27 11:36:14','prasad'),
  ('201200271222526256847','23','2012-01-27 12:22:52','1','3','1','L','2012-01-27 12:22:52','prasad'),
  ('201200271306520784317','23','2012-01-27 13:06:52','1','1','1','L','2012-01-27 13:06:52','prasad'),
  ('201200271306595467278','23','2012-01-27 13:06:59','1','1','1','L','2012-01-27 13:06:59','prasad'),
  ('201200271307190781466','23','2012-01-27 13:07:19','1','1','1','L','2012-01-27 13:07:19','prasad'),
  ('201200271325396875270','23','2012-01-27 13:25:39','1','1','1','L','2012-01-27 13:25:39','prasad'),
  ('201200271326006560820','23','2012-01-27 13:26:00','1','1','1','L','2012-01-27 13:26:00','prasad'),
  ('201200271326430151277','23','2012-01-27 13:26:43','1','1','1','L','2012-01-27 13:26:43','prasad'),
  ('201200271327087966980','23','2012-01-27 13:27:08','1','1','1','L','2012-01-27 13:27:08','prasad'),
  ('201200271327139066470','23','2012-01-27 13:27:13','1','1','1','L','2012-01-27 13:27:13','prasad'),
  ('201200271537380932300','23','2012-01-27 15:37:38','1','1','1','L','2012-01-27 15:37:38','prasad'),
  ('201200271538028287356','22','2012-01-27 15:38:02','1','2','1','L','2012-01-27 15:38:02','prasad'),
  ('201200271538105784302','22','2012-01-27 15:38:10','1','2','1','L','2012-01-27 15:38:10','prasad'),
  ('201200271538113598935','22','2012-01-27 15:38:11','1','2','1','L','2012-01-27 15:38:11','2'),
  ('201200271538245005516','22','2012-01-27 15:38:24','2','1','1','L','2012-01-27 15:38:24','4'),
  ('201200271538255461552','22','2012-01-27 15:38:25','2','2','1','L','2012-01-27 15:38:25','4'),
  ('201200271538262962403','22','2012-01-27 15:38:26','2','5','1','L','2012-01-27 15:38:26','prasad'),
  ('201200271538270934280','22','2012-01-27 15:38:27','2','3','1','L','2012-01-27 15:38:27','prasad'),
  ('201200271538282032959','22','2012-01-27 15:38:28','2','4','1','L','2012-01-27 15:38:28','prasad'),
  ('201200271557578129541','22','2012-01-27 15:57:57','2','1','1','L','2012-01-27 15:57:57','4'),
  ('201200271558079844070','22','2012-01-27 15:58:07','2','2','1','L','2012-01-27 15:58:07','4'),
  ('201200271558088287645','22','2012-01-27 15:58:08','2','5','1','L','2012-01-27 15:58:08','prasad'),
  ('201200271558096878593','22','2012-01-27 15:58:09','2','3','1','L','2012-01-27 15:58:09','prasad'),
  ('201200271558108599591','22','2012-01-27 15:58:10','2','4','1','L','2012-01-27 15:58:10','prasad'),
  ('201200271602356713970','22','2012-01-27 16:02:35','2','1','1','L','2012-01-27 16:02:35','4'),
  ('201200271602391255900','22','2012-01-27 16:02:39','2','2','1','L','2012-01-27 16:02:39','4'),
  ('201200271602399537806','22','2012-01-27 16:02:39','2','5','1','L','2012-01-27 16:02:39','prasad'),
  ('201200271602407652188','22','2012-01-27 16:02:40','2','3','1','L','2012-01-27 16:02:40','prasad'),
  ('201200271602419215367','22','2012-01-27 16:02:41','2','4','1','L','2012-01-27 16:02:41','prasad'),
  ('201200271608560467471','22','2012-01-27 16:08:56','2','1','1','L','2012-01-27 16:08:56','4'),
  ('201200271609026871217','22','2012-01-27 16:09:02','2','2','1','L','2012-01-27 16:09:02','4'),
  ('201200271609035624295','22','2012-01-27 16:09:03','2','5','1','L','2012-01-27 16:09:03','prasad'),
  ('201200271609044211537','22','2012-01-27 16:09:04','2','3','1','L','2012-01-27 16:09:04','prasad'),
  ('201200271609056097083','22','2012-01-27 16:09:05','2','4','1','L','2012-01-27 16:09:05','prasad'),
  ('201200271612229534318','22','2012-01-27 16:12:22','2','1','1','L','2012-01-27 16:12:22','4'),
  ('201200271612238433008','22','2012-01-27 16:12:23','2','2','1','L','2012-01-27 16:12:23','4'),
  ('201200271612245938102','22','2012-01-27 16:12:24','2','5','1','L','2012-01-27 16:12:24','prasad'),
  ('201200271612253908669','22','2012-01-27 16:12:25','2','3','1','L','2012-01-27 16:12:25','prasad'),
  ('201200271612265156062','22','2012-01-27 16:12:26','2','4','1','L','2012-01-27 16:12:26','prasad'),
  ('201200301040460001143','23','2012-01-30 10:40:46','1','4','1','L','2012-01-30 10:40:46','prasad'),
  ('201200301041433904142','23','2012-01-30 10:41:43','2','2','1','L','2012-01-30 10:41:43','prasad'),
  ('201200301041552505977','23','2012-01-30 10:41:55','5','2','1','L','2012-01-30 10:41:55','prasad'),
  ('201200301043072657892','23','2012-01-30 10:43:07','1','2','1','L','2012-01-30 10:43:07','prasad'),
  ('201200301043374377027','23','2012-01-30 10:43:37','1','2','1','L','2012-01-30 10:43:37','prasad'),
  ('201200301043536875303','23','2012-01-30 10:43:53','5','2','1','L','2012-01-30 10:43:53','prasad'),
  ('201200301045272038436','23','2012-01-30 10:45:27','2','2','1','L','2012-01-30 10:45:27','prasad'),
  ('201200301045433124223','23','2012-01-30 10:45:43','4','2','1','L','2012-01-30 10:45:43','prasad'),
  ('201200301048268750303','23','2012-01-30 10:48:26','1','3','1','L','2012-01-30 10:48:26','prasad'),
  ('201200301048501403733','23','2012-01-30 10:48:50','4','1','1','L','2012-01-30 10:48:50','prasad'),
  ('201200301049234067400','23','2012-01-30 10:49:23','1','1','1','L','2012-01-30 10:49:23','prasad'),
  ('201200301049282811092','23','2012-01-30 10:49:28','1','1','1','L','2012-01-30 10:49:28','prasad'),
  ('201200301051470156731','22','2012-01-30 10:51:47','4','3','1','L','2012-01-30 10:51:47','prasad'),
  ('201200301616183281041','23','2012-01-30 16:16:18','1','1','1','L','2012-01-30 16:16:18','prasad'),
  ('201200301617042810113','22','2012-01-30 16:17:04','1','2','1','L','2012-01-30 16:17:04','prasad'),
  ('201200301617050622982','22','2012-01-30 16:17:05','1','2','1','L','2012-01-30 16:17:05','2'),
  ('201200301617277344923','22','2012-01-30 16:17:27','2','1','1','L','2012-01-30 16:17:27','4'),
  ('201200301617287505776','22','2012-01-30 16:17:28','2','2','1','L','2012-01-30 16:17:28','4'),
  ('201200301617295626807','22','2012-01-30 16:17:29','5','5','1','L','2012-01-30 16:17:29','prasad'),
  ('201200301617303751103','22','2012-01-30 16:17:30','2','3','1','L','2012-01-30 16:17:30','prasad'),
  ('201200301617315627296','22','2012-01-30 16:17:31','2','4','1','L','2012-01-30 16:17:31','prasad'),
  ('201200301622409374609','23','2012-01-30 16:22:40','1','1','1','L','2012-01-30 16:22:40','prasad'),
  ('201200301626247813026','23','2012-01-30 16:26:24','4','1','1','L','2012-01-30 16:26:24','prasad'),
  ('201200301627277340488','22','2012-01-30 16:27:27','1','1','1','L','2012-01-30 16:27:27','prasad'),
  ('201200301636326567416','23','2012-01-30 17:21:31','4','1','1','L','2012-01-30 17:21:31','prasad'),
  ('201200311134444846094','23','2012-01-31 11:35:56','1','1','1','L','2012-01-31 11:35:56','prasad'),
  ('201200311136580317666','23','2012-01-31 11:37:27','1','1','1','L','2012-01-31 11:37:27','prasad'),
  ('201200311143230780774','23','2012-01-31 11:44:17','1','1','1','L','2012-01-31 11:44:17','prasad'),
  ('201200311152318906705','23','2012-01-31 11:52:39','4','1','1','L','2012-01-31 11:52:39','prasad'),
  ('201200311154046716708','23','2012-01-31 11:54:17','1','2','1','L','2012-01-31 11:54:17','prasad'),
  ('201200311204148432116','23','2012-01-31 12:04:23','1','1','1','L','2012-01-31 12:04:23','prasad'),
  ('201200311205369534869','22','2012-01-31 12:05:36','4','1','1','L','2012-01-31 12:05:36','prasad'),
  ('201200311206362348098','22','2012-01-31 12:06:54','2','1','1','L','2012-01-31 12:06:54','4'),
  ('201200311207204687809','22','2012-01-31 12:07:31','5','2','1','L','2012-01-31 12:07:31','4'),
  ('201200311207488599115','22','2012-01-31 12:07:50','2','5','1','L','2012-01-31 12:07:50','prasad'),
  ('201200311207526409662','22','2012-01-31 12:07:54','2','3','1','L','2012-01-31 12:07:54','prasad'),
  ('201200311207566099131','22','2012-01-31 12:07:58','2','4','1','L','2012-01-31 12:07:58','prasad'),
  ('201200311331377969138','23','2012-01-31 13:31:52','1','1','1','L','2012-01-31 13:31:52','prasad'),
  ('201200311333097819857','22','2012-01-31 13:33:09','1','1','1','L','2012-01-31 13:33:09','prasad'),
  ('201200311337060622381','22','2012-01-31 13:37:06','1','1','1','L','2012-01-31 13:37:06','prasad'),
  ('201200311338259840623','22','2012-01-31 13:38:27','1','1','1','L','2012-01-31 13:38:27','prasad'),
  ('201200311342059062056','23','2012-01-31 13:42:05','1','2','1','L','2012-01-31 13:42:05','prasad'),
  ('201200311342370155016','22','2012-01-31 13:42:37','1','2','1','L','2012-01-31 13:42:37','prasad'),
  ('201200311342380311287','22','2012-01-31 13:42:38','1','2','1','L','2012-01-31 13:42:38','2'),
  ('201200311415027964633','23','2012-01-31 14:15:02','5','1','1','L','2012-01-31 14:15:02','prasad'),
  ('201200311415517657806','22','2012-01-31 14:15:51','1','1','2','L','2012-01-31 14:15:51','prasad'),
  ('201200311416140004942','22','2012-01-31 14:16:14','2','1','1','L','2012-01-31 14:16:14','4'),
  ('201200311416158902310','22','2012-01-31 14:16:15','2','2','1','L','2012-01-31 14:16:15','4'),
  ('201200311416168903601','22','2012-01-31 14:16:16','5','5','1','L','2012-01-31 14:16:16','prasad'),
  ('201200311416177813371','22','2012-01-31 14:16:17','2','3','1','L','2012-01-31 14:16:17','prasad'),
  ('201200311416189217897','22','2012-01-31 14:16:18','5','4','1','L','2012-01-31 14:16:18','prasad'),
  ('201201021001351710093','22','2012-02-02 10:01:35','2','1','1','L','2012-02-02 10:01:35','4'),
  ('201201021001450006896','22','2012-02-02 10:01:45','2','2','1','L','2012-02-02 10:01:45','4'),
  ('201201021001459687287','22','2012-02-02 10:01:45','5','5','1','L','2012-02-02 10:01:45','prasad'),
  ('201201021001468433128','22','2012-02-02 10:01:46','2','3','1','L','2012-02-02 10:01:46','prasad'),
  ('201201021001480933925','22','2012-02-02 10:01:48','5','4','1','L','2012-02-02 10:01:48','prasad'),
  ('201201021051008900143','22','2012-02-02 10:51:00','2','1','1','L','2012-02-02 10:51:00','4'),
  ('201201021051069215678','22','2012-02-02 10:51:06','5','2','1','L','2012-02-02 10:51:06','4'),
  ('201201021051077500983','22','2012-02-02 10:51:07','2','5','1','L','2012-02-02 10:51:07','prasad'),
  ('201201021051086258376','22','2012-02-02 10:51:08','2','3','1','L','2012-02-02 10:51:08','prasad'),
  ('201201021051096871174','22','2012-02-02 10:51:09','5','4','1','L','2012-02-02 10:51:09','prasad'),
  ('201201021052449377163','22','2012-02-02 10:52:44','2','1','1','L','2012-02-02 10:52:44','4'),
  ('201201021052459378239','22','2012-02-02 10:52:45','5','2','1','L','2012-02-02 10:52:45','4'),
  ('201201021052467185146','22','2012-02-02 10:52:46','2','5','1','L','2012-02-02 10:52:46','prasad'),
  ('201201021052475311801','22','2012-02-02 10:52:47','2','3','1','L','2012-02-02 10:52:47','prasad'),
  ('201201021052485159377','22','2012-02-02 10:52:48','5','4','1','L','2012-02-02 10:52:48','prasad'),
  ('201201021053419684038','22','2012-02-02 10:53:41','2','1','1','L','2012-02-02 10:53:41','4'),
  ('201201021053429062357','22','2012-02-02 10:53:42','2','2','1','L','2012-02-02 10:53:42','4'),
  ('201201021053436876927','22','2012-02-02 10:53:43','5','5','1','L','2012-02-02 10:53:43','prasad'),
  ('201201021053445003461','22','2012-02-02 10:53:44','2','3','1','L','2012-02-02 10:53:44','prasad'),
  ('201201021053455151057','22','2012-02-02 10:53:45','5','4','1','L','2012-02-02 10:53:45','prasad'),
  ('201201021107111712543','22','2012-02-02 11:07:11','2','1','1','L','2012-02-02 11:07:11','4'),
  ('201201021107120932431','22','2012-02-02 11:07:12','5','2','1','L','2012-02-02 11:07:12','4'),
  ('201201021107128758789','22','2012-02-02 11:07:12','2','5','1','L','2012-02-02 11:07:12','prasad'),
  ('201201021107136878667','22','2012-02-02 11:07:13','2','3','1','L','2012-02-02 11:07:13','prasad'),
  ('201201021107146875246','22','2012-02-02 11:07:14','5','4','1','L','2012-02-02 11:07:14','prasad'),
  ('201201021435013430006','23','2012-02-02 14:35:01','1','2','1','L','2012-02-02 14:35:01','prasad'),
  ('201201021438395153989','23','2012-02-02 14:38:39','1','2','1','L','2012-02-02 14:38:39','prasad'),
  ('201201021439232033654','22','2012-02-02 14:39:23','1','2','1','L','2012-02-02 14:39:23','prasad'),
  ('201201021439240787017','22','2012-02-02 14:39:24','1','2','1','L','2012-02-02 14:39:24','2'),
  ('201201021439493288050','22','2012-02-02 14:39:49','2','1','1','L','2012-02-02 14:39:49','4'),
  ('201201021439504530224','22','2012-02-02 14:39:50','2','2','1','L','2012-02-02 14:39:50','4'),
  ('201201021439512652268','22','2012-02-02 14:39:51','2','5','1','L','2012-02-02 14:39:51','prasad'),
  ('201201021439520939984','22','2012-02-02 14:39:52','2','3','1','L','2012-02-02 14:39:52','prasad'),
  ('201201021439531404634','22','2012-02-02 14:39:53','2','4','1','L','2012-02-02 14:39:53','prasad'),
  ('201201160918151561535','23','2012-02-16 09:18:15','1','4','1','L','2012-02-16 09:18:15','prasad'),
  ('201201160918506711950','23','2012-02-16 09:18:50','1','4','1','L','2012-02-16 09:18:50','prasad'),
  ('201201160922038598680','23','2012-02-16 09:22:03','1','4','1','L','2012-02-16 09:22:03','prasad'),
  ('201201160923112030700','23','2012-02-16 09:23:11','1','4','1','L','2012-02-16 09:23:11','prasad'),
  ('201201160923425311290','23','2012-02-16 09:23:42','1','4','1','L','2012-02-16 09:23:42','prasad'),
  ('201201161025034549970','23','2012-02-16 10:25:03','1','4','1','L','2012-02-16 10:25:03','prasad'),
  ('201201161025333768373','23','2012-02-16 10:25:33','1','5','1','L','2012-02-16 10:25:33','prasad'),
  ('201201161026079235220','22','2012-02-16 10:26:07','1','4','1','L','2012-02-16 10:26:07','prasad'),
  ('201201161026241899972','22','2012-02-16 10:26:24','1','5','1','L','2012-02-16 10:26:24','prasad'),
  ('201201161134340512901','23','2012-02-16 11:34:34','1','4','1','L','2012-02-16 11:34:34','prasad'),
  ('201201161135466531859','22','2012-02-16 11:35:46','1','4','1','L','2012-02-16 11:35:46','2'),
  ('201201171114221127796','23','2012-02-17 11:14:22','1','4','1','L','2012-02-17 11:14:22','prasad'),
  ('201201171114483785535','23','2012-02-17 11:14:48','1','5','1','L','2012-02-17 11:14:48','prasad'),
  ('201201171115272847417','22','2012-02-17 11:15:27','1','4','1','L','2012-02-17 11:15:27','prasad'),
  ('201201171115438003525','22','2012-02-17 11:15:43','1','5','1','L','2012-02-17 11:15:43','prasad'),
  ('201201171118593155152','23','2012-02-17 11:18:59','1','5','1','L','2012-02-17 11:18:59','prasad'),
  ('201201171119238789815','23','2012-02-17 11:19:23','1','4','1','L','2012-02-17 11:19:23','prasad'),
  ('201201171120059566548','22','2012-02-17 11:20:05','1','4','1','L','2012-02-17 11:20:05','prasad'),
  ('201201171120068620796','22','2012-02-17 11:20:06','1','4','1','L','2012-02-17 11:20:06','2'),
  ('201201171120523785167','22','2012-02-17 11:20:52','1','5','1','L','2012-02-17 11:20:52','prasad'),
  ('201201171120532378410','22','2012-02-17 11:20:53','1','5','1','L','2012-02-17 11:20:53','2'),
  ('201201201601191401423','23','2012-02-20 16:01:19','1','4','1','L','2012-02-20 16:01:19','prasad'),
  ('201201201603352652218','23','2012-02-20 16:03:35','1','4','1','L','2012-02-20 16:03:35','prasad'),
  ('201201201614032184881','23','2012-02-20 16:14:03','1','1','1','L','2012-02-20 16:14:03','prasad'),
  ('201201201633530318840','23','2012-02-20 16:33:53','1','4','1','L','2012-02-20 16:33:53','prasad'),
  ('201201201634189376828','23','2012-02-20 16:34:18','1','4','1','L','2012-02-20 16:34:18','prasad'),
  ('201201221429064846730','23','2012-02-22 14:29:06','1','2','1','L','2012-02-22 14:29:06','prasad');

COMMIT;

#
# Data for the `barcode` table  (LIMIT 500,500)
#

INSERT INTO `barcode` (`barcode_id`, `user_id`, `date_created`, `type`, `bc_action_id`, `imge_type`, `error_correction_level`, `exp_date`, `size_id`) VALUES 
  ('201201221434170008805','23','2012-02-22 14:34:17','1','2','1','L','2012-02-22 14:34:17','prasad'),
  ('201201221442175310920','23','2012-02-22 14:42:17','1','2','1','L','2012-02-22 14:42:17','prasad'),
  ('201201221444530465801','23','2012-02-22 14:44:53','1','2','1','L','2012-02-22 14:44:53','prasad'),
  ('201201231119452186801','23','2012-02-23 11:19:45','1','2','1','L','2012-02-23 11:19:45','prasad'),
  ('201201231201147965277','23','2012-02-23 12:01:14','1','2','1','L','2012-02-23 12:01:14','prasad'),
  ('201201231214250788136','23','2012-02-23 12:14:25','1','2','1','L','2012-02-23 12:14:25','prasad'),
  ('201201231352440001753','23','2012-02-23 13:52:44','1','2','1','L','2012-02-23 13:52:44','prasad'),
  ('201203241640004375136','23','2012-04-24 16:40:00','1','1','1','L','2012-04-24 16:40:00','prasad'),
  ('201203241644049680955','23','2012-04-24 16:44:04','1','1','1','L','2012-04-24 16:44:04','prasad'),
  ('201203241648420467289','23','2012-04-24 16:48:42','1','1','1','L','2012-04-24 16:48:42','prasad'),
  ('201203241701336251127','23','2012-04-24 17:01:33','1','1','1','L','2012-04-24 17:01:33','prasad'),
  ('201203241710030317409','23','2012-04-24 17:10:03','1','1','1','L','2012-04-24 17:10:03','prasad'),
  ('201203241730261408634','23','2012-04-24 17:30:26','1','1','1','L','2012-04-24 17:30:26','prasad'),
  ('201203251121597034950','23','2012-04-25 11:21:59','1','1','1','L','2012-04-25 11:21:59','prasad'),
  ('201203251123561870595','23','2012-04-25 11:23:56','1','1','1','L','2012-04-25 11:23:56','prasad'),
  ('201203251124057181916','23','2012-04-25 11:24:05','1','1','1','L','2012-04-25 11:24:05','prasad'),
  ('201203251132294538431','23','2012-04-25 11:32:29','1','1','1','L','2012-04-25 11:32:29','prasad'),
  ('201203251142161094569','23','2012-04-25 11:42:16','1','1','1','L','2012-04-25 11:42:16','prasad'),
  ('201203251145442187742','23','2012-04-25 11:45:44','1','1','1','L','2012-04-25 11:45:44','prasad'),
  ('201203251203284531275','23','2012-04-25 12:03:28','1','1','1','L','2012-04-25 12:03:28','prasad'),
  ('201203251206055629371','23','2012-04-25 12:06:05','1','1','1','L','2012-04-25 12:06:05','prasad'),
  ('201203251212323122646','23','2012-04-25 12:12:32','1','1','1','L','2012-04-25 12:12:32','prasad'),
  ('201203251226191091675','23','2012-04-25 12:26:19','1','1','1','L','2012-04-25 12:26:19','prasad'),
  ('201203251227487657094','23','2012-04-25 12:27:48','1','1','1','L','2012-04-25 12:27:48','prasad'),
  ('201203251233350008906','23','2012-04-25 12:33:35','1','1','1','L','2012-04-25 12:33:35','prasad'),
  ('201203251249017347986','23','2012-04-25 12:49:01','1','1','1','L','2012-04-25 12:49:01','prasad'),
  ('201203251357495782058','23','2012-04-25 13:57:49','1','2','1','L','2012-04-25 13:57:49','prasad'),
  ('201203251407463121890','23','2012-04-25 14:07:46','1','2','1','L','2012-04-25 14:07:46','prasad'),
  ('201203251412315311359','23','2012-04-25 14:12:31','1','2','1','L','2012-04-25 14:12:31','prasad'),
  ('201203251423102653841','23','2012-04-25 14:23:10','1','2','1','L','2012-04-25 14:23:10','prasad'),
  ('201203251435432344140','23','2012-04-25 14:35:43','1','2','1','L','2012-04-25 14:35:43','prasad'),
  ('201203251438567504314','23','2012-04-25 14:38:56','1','2','1','L','2012-04-25 14:38:56','prasad'),
  ('201203251451014841782','23','2012-04-25 14:51:01','1','2','1','L','2012-04-25 14:51:01','prasad'),
  ('201203251502209378518','23','2012-04-25 15:02:20','1','2','1','L','2012-04-25 15:02:20','prasad'),
  ('201203251505301409826','23','2012-04-25 15:05:30','1','2','1','L','2012-04-25 15:05:30','prasad'),
  ('201203251507059069599','23','2012-04-25 15:07:05','1','2','1','L','2012-04-25 15:07:05','prasad'),
  ('201203251510189535498','23','2012-04-25 15:10:18','1','2','1','L','2012-04-25 15:10:18','prasad'),
  ('201203251511099218832','23','2012-04-25 15:11:09','1','1','1','L','2012-04-25 15:11:09','prasad'),
  ('201203251513485461286','22','2012-04-25 15:13:48','1','2','1','L','2012-04-25 15:13:48','prasad'),
  ('201203251513495625277','22','2012-04-25 15:13:49','1','2','1','L','2012-04-25 15:13:49','2'),
  ('201205141021591870651','23','2012-06-14 10:21:59','1','2','1','L','2012-06-14 10:21:59','prasad'),
  ('201205141035473288704','23','2012-06-14 10:35:47','1','2','1','L','2012-06-14 10:35:47','prasad'),
  ('201205141040050008796','22','2012-06-14 10:40:05','1','2','1','L','2012-06-14 10:40:05','prasad'),
  ('201205141042060008077','22','2012-06-14 10:42:06','1','2','1','L','2012-06-14 10:42:06','prasad'),
  ('201205141042586409350','22','2012-06-14 10:42:58','1','2','1','L','2012-06-14 10:42:58','prasad'),
  ('201205141053210937357','23','2012-06-14 10:53:21','1','2','1','L','2012-06-14 10:53:21','prasad'),
  ('201205141139092344683','23','2012-06-14 11:39:09','1','2','1','L','2012-06-14 11:39:09','prasad'),
  ('201205141208020623540','23','2012-06-14 12:08:02','1','2','1','L','2012-06-14 12:08:02','prasad'),
  ('201205141307221098029','23','2012-06-14 13:07:22','1','2','1','L','2012-06-14 13:07:22','prasad'),
  ('201205150936118591251','23','2012-06-15 09:36:11','1','2','1','L','2012-06-15 09:36:11','prasad'),
  ('201205150936302034980','23','2012-06-15 09:36:30','1','2','1','L','2012-06-15 09:36:30','prasad'),
  ('201205150936395319124','23','2012-06-15 09:36:39','1','2','1','L','2012-06-15 09:36:39','prasad'),
  ('201205150937030936085','23','2012-06-15 09:37:03','1','1','1','L','2012-06-15 09:37:03','prasad'),
  ('201205151227008909856','22','2012-06-15 12:27:00','1','1','1','L','2012-06-15 12:27:00','2'),
  ('201205151227184688512','22','2012-06-15 12:27:18','1','1','1','L','2012-06-15 12:27:18','2'),
  ('201205151255007968673','22','2012-06-15 12:55:00','1','2','1','L','2012-06-15 12:55:00','2'),
  ('201205151255013597111','22','2012-06-15 12:55:01','1','2','1','L','2012-06-15 12:55:01','2'),
  ('201205271036442183560','22','2012-06-27 10:36:44','2','1','1','L','2012-06-27 10:36:44','prasad'),
  ('201205271036561408305','22','2012-06-27 10:36:56','2','2','1','L','2012-06-27 10:36:56','2'),
  ('201205271036567816658','22','2012-06-27 10:36:56','2','4','1','L','2012-06-27 10:36:56','3'),
  ('201206050956418759021','23','2012-07-05 09:56:41','1','2','1','L','2012-07-05 09:56:41','prasad'),
  ('201206131026105027246','23','2012-07-13 10:26:10','1','2','1','L','2012-07-13 10:26:10','prasad'),
  ('201206131148151496753','23','2012-07-13 11:48:15','1','2','1','L','2012-07-13 11:48:15','prasad'),
  ('201206131159078985996','23','2012-07-13 11:59:07','1','2','1','L','2012-07-13 11:59:07','prasad'),
  ('201206131227371685152','23','2012-07-13 12:27:37','1','2','1','L','2012-07-13 12:27:37','prasad'),
  ('201206131341145665568','23','2012-07-13 13:41:14','1','2','1','L','2012-07-13 13:41:14','prasad'),
  ('201206131424129399861','23','2012-07-13 14:24:12','1','2','1','L','2012-07-13 14:24:12','prasad'),
  ('201206131425237856142','22','2012-07-13 14:25:23','1','1','1','L','2012-07-13 14:25:23','prasad'),
  ('201206131430056533770','23','2012-07-13 14:30:05','1','3','1','L','2012-07-13 14:30:05','prasad'),
  ('201206131430549182588','23','2012-07-13 14:30:54','1','2','1','L','2012-07-13 14:30:54','prasad'),
  ('201206131432240795169','22','2012-07-13 14:32:24','1','1','1','L','2012-07-13 14:32:24','prasad'),
  ('201206131432252250007','22','2012-07-13 14:32:25','1','1','1','L','2012-07-13 14:32:25','prasad'),
  ('201206151923128007627','23','2012-07-15 19:23:12','1','2','1','L','2012-07-15 19:23:12','prasad'),
  ('201206161418069082355','23','2012-07-16 14:18:06','1','2','1','L','2012-07-16 14:18:06','prasad'),
  ('201206161419043834255','23','2012-07-16 14:19:04','1','1','1','L','2012-07-16 14:19:04','prasad'),
  ('201206181038260789746','23','2012-07-18 10:38:26','1','2','1','L','2012-07-18 10:38:26','prasad'),
  ('201206181038403598215','23','2012-07-18 10:38:40','1','2','1','L','2012-07-18 10:38:40','prasad'),
  ('201206181133445621877','23','2012-07-18 11:33:44','1','2','1','L','2012-07-18 11:33:44','prasad'),
  ('201206181515279060664','23','2012-07-18 15:15:27','1','2','1','L','2012-07-18 15:15:27','prasad');

COMMIT;

#
# Data for the `barcode_category_jasper` table  (LIMIT 0,500)
#

INSERT INTO `barcode_category_jasper` (`category`, `quentity`) VALUES 
  ('Contact',0),
  ('Initiate_Call',0),
  ('Sms',0),
  ('Text',0),
  ('Url',17);

COMMIT;

#
# Data for the `barcode_data` table  (LIMIT 0,500)
#

INSERT INTO `barcode_data` (`id`, `barcode_id`, `attribute`, `value`) VALUES 
  ('201200131258333431762','201200131258315153608','Textmessage','This is  test message'),
  ('201200131259198748110','201200131259196249073','Sendsms','077744185'),
  ('201200131313027033984','201200131313024371099','Sendsms','077744185'),
  ('201200131313185318957','201200131313183288070','Sendsms','077744185'),
  ('201200131357482349630','201200131357224689884','Shortcode','201200131357482348546'),
  ('201200131357517034773','201200131357224689884','Redirecturl','www.lll.lk'),
  ('201200131358477036429','201200131358462185862','Textmessage','this is a message'),
  ('201200131359187658645','201200131359034067314','Initiatecall ','777766833'),
  ('201200131400167348695','201200131400138748111','Shortcode','201200131400167342763'),
  ('201200131400169065096','201200131400138748111','Redirecturl','www.lll.lk'),
  ('201200131400351403494','201200131400284067371','Textmessage','this is a message'),
  ('201200131400508740234','201200131400465939009','Initiatecall ','777766833'),
  ('201200131401355460152','201200131401023594089','Name','NAME:Jane Doe'),
  ('201200131401357341580','201200131401023594089','Telephone No','PHONE:xxxxx'),
  ('201200131401358743828','201200131401023594089','Email','MAIL:jane@doe.com'),
  ('201200131410114849618','201200131409037498732','Name','NAME:Jane Doe'),
  ('201200131410117033121','201200131409037498732','Telephone No','PHONE:xxxxx'),
  ('201200131410119219920','201200131409037498732','Email','MAIL:jane@doe.com'),
  ('201200131412416875425','201200131412414372456','Name','NAME:Jane Doe'),
  ('201200131412418430448','201200131412414372456','Telephone No','PHONE:xxxxx'),
  ('201200131412419841032','201200131412414372456','Email','MAIL:jane@doe.com'),
  ('201200131413015783719','201200131413013591467','Name','NAME:Jane Doe'),
  ('201200131413017182675','201200131413013591467','Telephone No','PHONE:xxxxx'),
  ('201200131413018431173','201200131413013591467','Email','MAIL:jane@doe.com'),
  ('201200131415119680602','201200131414035789101','Name','NAME:Jane Doe'),
  ('201200131415121409272','201200131414035789101','Telephone No','PHONE:xxxxx'),
  ('201200131415122966687','201200131414035789101','Email','MAIL:jane@doe.com'),
  ('201200131441036402413','201200131440100786905','Name','NAME:Jane Doe'),
  ('201200131441038284731','201200131440100786905','Telephone No','PHONE:xxxxx'),
  ('201200131441039992878','201200131440100786905','Email','MAIL:jane@doe.com'),
  ('201200131444256096001','201200131444068908273','Name','NAME:Jane Doe'),
  ('201200131444257961120','201200131444068908273','Telephone No','PHONE:xxxxx'),
  ('201200131444259539934','201200131444068908273','Email','MAIL:jane@doe.com'),
  ('201200131451414992380','201200131451266403849','Name','NAME:Jane Doe'),
  ('201200131451417035891','201200131451266403849','Telephone No','PHONE:xxxxx'),
  ('201200131451418598600','201200131451266403849','Email','MAIL:jane@doe.com'),
  ('201200131508411566150','201200131508407960259','Name','Jane Doe'),
  ('201200131508413437410','201200131508407960259','Telephone No','xxxxx'),
  ('201200131508415310492','201200131508407960259','Email','jane@doe.com'),
  ('201200131513260781623','201200131513235932292','Shortcode','201200131513260782127'),
  ('201200131513262650456','201200131513235932292','Redirecturl',''),
  ('201200131514015620674','201200131514012815425','Shortcode','201200131514015623220'),
  ('201200131514017342214','201200131514012815425','Redirecturl','www.lll.lk'),
  ('201200131514126561785','201200131514124067290','Textmessage','this is a message'),
  ('201200131514235151488','201200131514232659919','Initiatecall ','777766833'),
  ('201200131514343740244','201200131514341249982','Name','Jane Doe'),
  ('201200131514345468368','201200131514341249982','Telephone No','xxxxx'),
  ('201200131514347032393','201200131514341249982','Email','jane@doe.com'),
  ('201200131516459537929','201200131516456719551','Shortcode','201200131516459530830'),
  ('201200131516461097364','201200131516456719551','Redirecturl','www.lll.lk'),
  ('201200131516570311744','201200131516567653774','Textmessage','this is a message'),
  ('201200131517078904209','201200131517076561048','Initiatecall ','777766833'),
  ('201200131517187659423','201200131517185153286','Name','Jane Doe'),
  ('201200131517189067675','201200131517185153286','Telephone No','xxxxx'),
  ('201200131517190626167','201200131517185153286','Email','jane@doe.com'),
  ('201200131517299210706','201200131517296870810','Sendsms','0777744185'),
  ('201200131522587188013','201200131522583436540','Shortcode','201200131522587183716'),
  ('201200131522589376108','201200131522583436540','Redirecturl','www.lll.lk'),
  ('201200131523143125475','201200131523139683119','Textmessage','this is a message'),
  ('201200131523252033930','201200131523249531358','Initiatecall ','777766833'),
  ('201200131523360931772','201200131523358289035','Name','Jane Doe'),
  ('201200131523362656758','201200131523358289035','Telephone No','xxxxx'),
  ('201200131523364213230','201200131523358289035','Email','jane@doe.com'),
  ('201200131523473907542','201200131523471242736','Sendsms','PHONE'),
  ('201200131535350466221','201200131535325159173','Shortcode','201200131535350460771'),
  ('201200131535352349713','201200131535325159173','Redirecturl',''),
  ('201200131536200157521','201200131536197185140','Shortcode','201200131536200158207'),
  ('201200131536202033108','201200131536197185140','Redirecturl','www.lll.lk'),
  ('201200131536312816969','201200131536310156902','Textmessage','this is a message'),
  ('201200131536421562634','201200131536418903948','Initiatecall ','777766833'),
  ('201200131536530318143','201200131536527815888','Name','Jane Doe'),
  ('201200131536531870672','201200131536527815888','Telephone No','xxxxx'),
  ('201200131536533741833','201200131536527815888','Email','jane@doe.com'),
  ('201200131537042498335','201200131537040150590','Sendsms','PHONE'),
  ('201200131539240786875','201200131539180316605','Shortcode','201200131539240787598'),
  ('201200131539242348947','201200131539180316605','Redirecturl','www.lll.lk'),
  ('201200131541041718179','201200131541038590776','Shortcode','201200131541041719922'),
  ('201200131541043431760','201200131541038590776','Redirecturl','www.lll.lk'),
  ('201200131541215621110','201200131541212498143','Textmessage','this is a message'),
  ('201200131541324845903','201200131541322348133','Initiatecall ','777766833'),
  ('201200131541433740523','201200131541431097273','Name','Jane Doe'),
  ('201200131541435312873','201200131541431097273','Telephone No','xxxxx'),
  ('201200131541436715375','201200131541431097273','Email','jane@doe.com'),
  ('201200131541545789234','201200131541543284201','Sendsms','PHONE'),
  ('201200131542241718705','201200131542238900315','Shortcode','201200131542241711609'),
  ('201200131542243120299','201200131542238900315','Redirecturl',''),
  ('201200131547015461859','201200131546590786065','Shortcode','201200131547015461962'),
  ('201200131547017341301','201200131546590786065','Redirecturl',''),
  ('201200131547429213548','201200131547426241756','Shortcode','201200131547429210940'),
  ('201200131547431243099','201200131547426241756','Redirecturl','www.lll.lk'),
  ('201200131547540938525','201200131547538435675','Textmessage','this is a message'),
  ('201200131548049683141','201200131548047036018','Initiatecall ','777766833'),
  ('201200131548158593671','201200131548155935329','Name','Jane Doe'),
  ('201200131548160317201','201200131548155935329','Telephone No','xxxxx'),
  ('201200131548162186432','201200131548155935329','Email','jane@doe.com'),
  ('201200131548270313197','201200131548267814151','Sendsms','PHONE'),
  ('201200131553366090697','201200131553359683972','Shortcode','201200131553366091100'),
  ('201200131553367966294','201200131553359683972','Redirecturl','www.lll.lk'),
  ('201200131553507810393','201200131553504996288','Textmessage','this is a message'),
  ('201200131554017499337','201200131554015155354','Initiatecall ','777766833'),
  ('201200131554126247738','201200131554123592601','Name','Jane Doe'),
  ('201200131554127961900','201200131554123592601','Telephone No','xxxxx'),
  ('201200131554129374517','201200131554123592601','Email','jane@doe.com'),
  ('201200131554238280466','201200131554235468219','Sendsms','PHONE'),
  ('201200131557353907334','201200131557350783155','Shortcode','201200131557353904492'),
  ('201200131557355788064','201200131557350783155','Redirecturl','www.lll.lk'),
  ('201200131557540464424','201200131557537496651','Textmessage','this is a message'),
  ('201200131558050467243','201200131558047964009','Initiatecall ','777766833'),
  ('201200131558159538362','201200131558157034963','Name','Jane Doe'),
  ('201200131558161096720','201200131558157034963','Telephone No','xxxxx'),
  ('201200131558162658765','201200131558157034963','Email','jane@doe.com'),
  ('201200131558271094582','201200131558268597402','Sendsms','0777744185'),
  ('201200131651361090086','201200131651335155703','Sendsms','077744185'),
  ('201200131651363432181','201200131651335155703','Massage','This is a message to test database'),
  ('201200131652367349713','201200131652342810529','Sendsms','077744185'),
  ('201200131652370625476','201200131652342810529','Massage','this is a test messaage to test'),
  ('201200131655410460176','201200131655377182489','Textmessage','ffgg'),
  ('201200131701414991473','201200131658498288607','Textmessage','ert'),
  ('201200131705063908930','201200131704400154668','Sendsms','077235544'),
  ('201200131705098904982','201200131704400154668','Massage','qqqqqqqqqqqqq'),
  ('201200131714386878713','201200131714362658657','Shortcode','201200131714386879691'),
  ('201200131714388902627','201200131714362658657','Redirecturl',''),
  ('201200131717538281389','201200131717509533561','Shortcode','201200131717538282916'),
  ('201200131717540319329','201200131717509533561','Redirecturl',''),
  ('201200131718250780506','201200131718247812900','Shortcode','201200131718250785235'),
  ('201200131718252810756','201200131718247812900','Redirecturl',''),
  ('201200131731431564050','201200131731397968553','Shortcode','201200131731431566280'),
  ('201200131731433284749','201200131731397968553','Redirecturl',''),
  ('201200140917171253266','201200140917139063076','Shortcode','201200140917171259646'),
  ('201200140917173282240','201200140917139063076','Redirecturl','fsdf'),
  ('201200191424283288191','201200191424280783274','Shortcode','201200191424283281325'),
  ('201200191424284844188','201200191424280783274','Redirecturl','ss'),
  ('201200191436439375585','201200191436436873324','Shortcode','201200191436439379656'),
  ('201200191436440780005','201200191436436873324','Redirecturl','dfdfdf'),
  ('201200191709073904819','201200191709071251132','Shortcode','201200191709073908255'),
  ('201200191709075313650','201200191709071251132','Redirecturl',''),
  ('201200191716225006035','201200191716222656900','Shortcode','201200191716225003980'),
  ('201200191716226717026','201200191716222656900','Redirecturl','sss'),
  ('201200191716446875369','201200191716444843966','Shortcode','201200191716446875250'),
  ('201200191716448120448','201200191716444843966','Redirecturl','sss'),
  ('201200191808441093209','201200191808439061429','Shortcode','201200191808441096152'),
  ('201200191808442507122','201200191808439061429','Redirecturl','da'),
  ('201200191836088124666','201200191836063592441','Shortcode','201200191836088122946'),
  ('201200191836090313361','201200191836063592441','Redirecturl','da'),
  ('201200200946120462624','201200200946088595695','Shortcode','201200200946120466300'),
  ('201200200946122349310','201200200946088595695','Redirecturl','sad'),
  ('201200201021142185641','201200201021139848093','Shortcode','201200201021142187082'),
  ('201200201021143594220','201200201021139848093','Redirecturl',''),
  ('201200201021365933918','201200201021363753153','Shortcode','201200201021365932269'),
  ('201200201021367181092','201200201021363753153','Redirecturl',''),
  ('201200201022066254306','201200201022064376570','Shortcode','201200201022066257437'),
  ('201200201022067816515','201200201022064376570','Redirecturl',''),
  ('201200201023493902048','201200201023492031390','Shortcode','201200201023493901023'),
  ('201200201023495460835','201200201023492031390','Redirecturl','ioioio'),
  ('201200201024197965644','201200201024196096749','Shortcode','201200201024197966170'),
  ('201200201024199067667','201200201024196096749','Redirecturl','ouoiuoiuouo'),
  ('201200201025380312235','201200201025378126792','Shortcode','201200201025380312856'),
  ('201200201025381560465','201200201025378126792','Redirecturl','p[p[p'),
  ('201200201027055314723','201200201027039376292','Shortcode','201200201027055311855'),
  ('201200201027057033501','201200201027039376292','Redirecturl','rtrtrtr'),
  ('201200201027577033969','201200201027574846668','Shortcode','201200201027577032006'),
  ('201200201027578436883','201200201027574846668','Redirecturl','ghghg'),
  ('201200201029091259636','201200201029089062502','Textmessage','wefrtrtr'),
  ('201200201029464061298','201200201029461874781','Shortcode','201200201029464062650'),
  ('201200201029465315999','201200201029461874781','Redirecturl','ytuytiu'),
  ('201200201030143431950','201200201030141402781','Shortcode','201200201030143439946'),
  ('201200201030144680897','201200201030141402781','Redirecturl','ytuytiughgh'),
  ('201200201030511099368','201200201030509215403','Shortcode','201200201030511095456'),
  ('201200201030512812803','201200201030509215403','Redirecturl','dfgdfgdfgd'),
  ('201200201031348123822','201200201031346099860','Shortcode','201200201031348120836'),
  ('201200201031349210163','201200201031346099860','Redirecturl','sdseds'),
  ('201200201032035159115','201200201032033287727','Shortcode','201200201032035158144'),
  ('201200201032036258952','201200201032033287727','Redirecturl','dfdfdfd'),
  ('201200201033141565836','201200201033139539953','Shortcode','201200201033141567866'),
  ('201200201033145159537','201200201033139539953','Redirecturl','prasad anuradha'),
  ('201200201113256251165','201200201113254062804','Shortcode','201200201113256251036'),
  ('201200201113257658920','201200201113254062804','Redirecturl',''),
  ('201200201114339064758','201200201114337032178','Shortcode','201200201114339068823'),
  ('201200201114340466814','201200201114337032178','Redirecturl',''),
  ('201200201118104689902','201200201118084680764','Shortcode','201200201118104682910'),
  ('201200201118106251186','201200201118084680764','Redirecturl',''),
  ('201200201123353127397','201200201123337504851','Shortcode','201200201123353128216'),
  ('201200201123354848037','201200201123337504851','Redirecturl',''),
  ('201200201125424533700','201200201125407816355','Shortcode','201200201125424536804'),
  ('201200201125426094820','201200201125407816355','Redirecturl',''),
  ('201200201134026562005','201200201134009847624','Shortcode','201200201134026563367'),
  ('201200201134028127358','201200201134009847624','Redirecturl',''),
  ('201200201144306252100','201200201144289373101','Shortcode','201200201144306250390'),
  ('201200201144307812606','201200201144289373101','Redirecturl','xxx'),
  ('201200201147399840689','201200201147383439137','Shortcode','201200201147399849212'),
  ('201200201147401407984','201200201147383439137','Redirecturl','ss'),
  ('201200201223416872222','201200201223400152793','Shortcode','201200201223416871420'),
  ('201200201223418433464','201200201223400152793','Redirecturl','z'),
  ('201200201225593756309','201200201225591562989','Shortcode','201200201225593759613'),
  ('201200201225595156863','201200201225591562989','Redirecturl','dd'),
  ('201200201232316871729','201200201232300460338','Shortcode','201200201232316872453'),
  ('201200201232318436784','201200201232300460338','Redirecturl','sss'),
  ('201200201239482346621','201200201239464065989','Shortcode','201200201239482349606'),
  ('201200201239484064621','201200201239464065989','Redirecturl','zsz'),
  ('201200201241126875313','201200201241124847217','Shortcode','201200201241126879577'),
  ('201200201241128434380','201200201241124847217','Redirecturl','ee'),
  ('201200201246560156400','201200201246542965532','Shortcode','201200201246560159436'),
  ('201200201246561710665','201200201246542965532','Redirecturl','a'),
  ('201200201248089685955','201200201248087654491','Shortcode','201200201248089686220'),
  ('201200201248091093807','201200201248087654491','Redirecturl','sss'),
  ('201200201248382340860','201200201248380003719','Shortcode','201200201248382349485'),
  ('201200201248383599495','201200201248380003719','Redirecturl','ss'),
  ('201200201251079689662','201200201251077812402','Shortcode','201200201251079685201'),
  ('201200201251081094554','201200201251077812402','Redirecturl','ff'),
  ('201200201259527180694','201200201259510935099','Shortcode','201200201259527188406'),
  ('201200201259528753722','201200201259510935099','Redirecturl','jj'),
  ('201200201301276878005','201200201301274539815','Shortcode','201200201301276876337'),
  ('201200201301278281899','201200201301274539815','Redirecturl',''),
  ('201200201303054063022','201200201303051561414','Shortcode','201200201303054060188'),
  ('201200201303055783552','201200201303051561414','Redirecturl','dd'),
  ('201200201307047962629','201200201307045463843','Shortcode','201200201307047961116'),
  ('201200201307049686369','201200201307045463843','Redirecturl','dd'),
  ('201200201356477961754','201200201356266712444','Shortcode','201200201356477968180'),
  ('201200201356512507215','201200201356266712444','Redirecturl',''),
  ('201200201401090466581','201200201401065151403','Shortcode','201200201401090460004'),
  ('201200201401092508651','201200201401065151403','Redirecturl',''),
  ('201200201403320623496','201200201403296092684','Shortcode','201200201403320625957'),
  ('201200201403322651082','201200201403296092684','Redirecturl',''),
  ('201200201404596711841','201200201404543751613','Shortcode','201200201404596717252'),
  ('201200201405031568767','201200201404543751613','Redirecturl',''),
  ('201200201405488751579','201200201405485781287','Shortcode','201200201405488756115'),
  ('201200201405490629002','201200201405485781287','Redirecturl',''),
  ('201200201406561250702','201200201406558286743','Shortcode','201200201406561252856'),
  ('201200201406562656785','201200201406558286743','Redirecturl',''),
  ('201200201409231408912','201200201409135936116','Shortcode','201200201409231404848'),
  ('201200201409266566663','201200201409135936116','Redirecturl',''),
  ('201200201413322506293','201200201413228282657','Shortcode','201200201413322500007'),
  ('201200201413357347441','201200201413228282657','Redirecturl',''),
  ('201200201432433595776','201200201432407652299','Shortcode','201200201432433598020'),
  ('201200201432435789441','201200201432407652299','Redirecturl','ss'),
  ('201200201447437963408','201200201447412962226','Shortcode','201200201447437965584'),
  ('201200201447439840144','201200201447412962226','Redirecturl',''),
  ('201200201453436878192','201200201453409537170','Shortcode','201200201453436876529'),
  ('201200201453438904029','201200201453409537170','Redirecturl',''),
  ('201200201505215620122','201200201505182968015','Textmessage','This is a test message'),
  ('201200201506550318177','201200201506547506340','Textmessage','This is a bulk test message'),
  ('201200201507059536360','201200201507056876020','Textmessage','This is a bulk test message'),
  ('201200201508395628278','201200201508392816374','Shortcode','201200201508395621012'),
  ('201200201508397503754','201200201508392816374','Redirecturl',''),
  ('201200201512137341780','201200201512134374259','Shortcode','201200201512137341507'),
  ('201200201512139214730','201200201512134374259','Redirecturl',''),
  ('201200201512248438584','201200201512245937736','Shortcode','201200201512248437845'),
  ('201200201512250313850','201200201512245937736','Redirecturl',''),
  ('201200201513080464742','201200201513077815985','Shortcode','201200201513080460078'),
  ('201200201513082183471','201200201513077815985','Redirecturl',''),
  ('201200201513190932891','201200201513188437616','Shortcode','201200201513190939669'),
  ('201200201513192508361','201200201513188437616','Redirecturl',''),
  ('201200201513446566604','201200201513444218330','Shortcode','201200201513446562227'),
  ('201200201513448126087','201200201513444218330','Redirecturl',''),
  ('201200201516479376650','201200201516476099989','Shortcode','201200201516479379538'),
  ('201200201516481252820','201200201516476099989','Redirecturl',''),
  ('201200201517023596107','201200201517020314613','Shortcode','201200201517023592671'),
  ('201200201517025002932','201200201517020314613','Redirecturl',''),
  ('201200201523206253588','201200201523189211309','Shortcode','201200201523206259084'),
  ('201200201523207810827','201200201523189211309','Redirecturl','ff'),
  ('201200201524193907723','201200201524191874519','Shortcode','201200201524193904031'),
  ('201200201524195312676','201200201524191874519','Redirecturl','dd'),
  ('201200201524302964403','201200201524300784789','Shortcode','201200201524302967175'),
  ('201200201524304379307','201200201524300784789','Redirecturl','dd'),
  ('201200201524579681694','201200201524577816001','Shortcode','201200201524579684003'),
  ('201200201524581562016','201200201524577816001','Redirecturl',''),
  ('201200201525089683872','201200201525087652957','Shortcode','201200201525089680700'),
  ('201200201525091253431','201200201525087652957','Redirecturl',''),
  ('201200201525433907598','201200201525431872111','Shortcode','201200201525433901064'),
  ('201200201525435314042','201200201525431872111','Redirecturl','ddd'),
  ('201200201527481568380','201200201527478595065','Shortcode','201200201527481567005'),
  ('201200201527482965677','201200201527478595065','Redirecturl',''),
  ('201200201528092033626','201200201528089682652','Shortcode','201200201528092038515'),
  ('201200201528093437484','201200201528089682652','Redirecturl',''),
  ('201200201528200934593','201200201528198753974','Shortcode','201200201528200931426'),
  ('201200201528202185960','201200201528198753974','Redirecturl',''),
  ('201200201528391568226','201200201528389688692','Shortcode','201200201528391566535'),
  ('201200201528392659079','201200201528389688692','Redirecturl',''),
  ('201200201528500783797','201200201528498593037','Shortcode','201200201528500782629'),
  ('201200201528501874863','201200201528498593037','Redirecturl',''),
  ('201200201531332656777','201200201531330465519','Shortcode','201200201531332656758'),
  ('201200201531333752141','201200201531330465519','Redirecturl','www.lll.lk'),
  ('201200201531447037586','201200201531445009167','Textmessage','this is a message'),
  ('201200201531554530500','201200201531552509493','Initiatecall ','777766833'),
  ('201200201542305629711','201200201542303122538','Shortcode','201200201542305624213'),
  ('201200201542307187821','201200201542303122538','Redirecturl','www.lll.lk'),
  ('201200201542477966888','201200201542475781790','Textmessage','this is a message'),
  ('201200201542585318938','201200201542583282387','Initiatecall ','777766833'),
  ('201200201550022507174','201200201550020620062','Shortcode','201200201550022502197'),
  ('201200201550023757728','201200201550020620062','Redirecturl','www.lll.lk'),
  ('201200201550131099278','201200201550128904536','Textmessage','this is a message'),
  ('201200201550238594763','201200201550236561159','Initiatecall ','777766833'),
  ('201200201555078122554','201200201555075782963','Shortcode','201200201555078127924'),
  ('201200201555079840908','201200201555075782963','Redirecturl','www.lll.lk'),
  ('201200201555217503245','201200201555215159651','Textmessage','this is a message'),
  ('201200201555325007050','201200201555322968953','Initiatecall ','777766833'),
  ('201200201603332652540','201200201603330152898','Shortcode','201200201603332651425'),
  ('201200201603334216043','201200201603330152898','Redirecturl','www.lll.lk'),
  ('201200201603506877642','201200201603504372718','Textmessage','this is a message'),
  ('201200201604015159834','201200201604013123707','Initiatecall ','777766833'),
  ('201200201653117811031','201200201653115319532','Shortcode','201200201653117816347'),
  ('201200201653119374077','201200201653115319532','Redirecturl',''),
  ('201200201653491567998','201200201653489538799','Shortcode','201200201653491569696'),
  ('201200201653492815999','201200201653489538799','Redirecturl',''),
  ('201200201654050930131','201200201654048907906','Shortcode','201200201654050931855'),
  ('201200201654052344427','201200201654048907906','Redirecturl',''),
  ('201200201654408434735','201200201654406562194','Shortcode','201200201654408431974'),
  ('201200201654409847622','201200201654406562194','Redirecturl',''),
  ('201200201702365003061','201200201702346567405','Sendsms','077444'),
  ('201200201703145934029','201200201703143759013','Initiatecall ','077222'),
  ('201200201704008594612','201200201704006097589','Initiatecall ','0773435821'),
  ('201200201704337031848','201200201704335002431','Sendsms','07723344'),
  ('201200201705026878640','201200201705024680765','Initiatecall ','0775555'),
  ('201200201711552815191','201200201711533120004','Shortcode','201200201711552818994'),
  ('201200201711554374564','201200201711533120004','Redirecturl',''),
  ('201200201719171561814','201200201719153125807','Shortcode','201200201719171561905'),
  ('201200201719173284409','201200201719153125807','Redirecturl',''),
  ('201200201735233286623','201200201735215154321','Shortcode','201200201735233284733'),
  ('201200201735234840989','201200201735215154321','Redirecturl','zzz'),
  ('201200201743488282677','201200201743470622730','Shortcode','201200201743488280515'),
  ('201200201743490002303','201200201743470622730','Redirecturl',''),
  ('201200201744106715925','201200201744104379761','Shortcode','201200201744106711082'),
  ('201200201744108123095','201200201744104379761','Redirecturl',''),
  ('201200201747448903114','201200201747426561049','Shortcode','201200201747448901443'),
  ('201200201747450159360','201200201747426561049','Redirecturl',''),
  ('201200201748101879354','201200201748099530981','Shortcode','201200201748101878979'),
  ('201200201748103289851','201200201748099530981','Redirecturl',''),
  ('201200201748419841039','201200201748417961065','Shortcode','201200201748419846896'),
  ('201200201748421400872','201200201748417961065','Redirecturl',''),
  ('201200201749375622739','201200201749373757194','Shortcode','201200201749375629401'),
  ('201200201749376874088','201200201749373757194','Redirecturl',''),
  ('201200250923105004949','201200250923079060195','Textmessage','dsa'),
  ('201200250930591253292','201200250930574848419','Textmessage','dsa'),
  ('201200250936304840314','201200250936287348231','Shortcode','201200250936304849470'),
  ('201200250936306400265','201200250936287348231','Redirecturl',''),
  ('201200250949149061567','201200250949131401620','Shortcode','201200250949149062563'),
  ('201200250949150788753','201200250949131401620','Redirecturl','fsdfs'),
  ('201200250951166256802','201200250951064218868','Shortcode','201200250951166255569'),
  ('201200250951168753895','201200250951064218868','Redirecturl','g'),
  ('201200250957144844060','201200250957121401983','Shortcode','201200250957144846763'),
  ('201200250957146874678','201200250957121401983','Redirecturl','eqweq'),
  ('201200251007456567986','201200251007431560052','Shortcode','201200251007456565879'),
  ('201200251007458595671','201200251007431560052','Redirecturl','www.dialog.lk'),
  ('201200251011521879013','201200251011497655490','Shortcode','201200251011521877608'),
  ('201200251011524060033','201200251011497655490','Redirecturl','www.dialog.lk'),
  ('201200251012384374437','201200251012381251622','Shortcode','201200251012384376411'),
  ('201200251012386255113','201200251012381251622','Redirecturl','www.dialog.lk'),
  ('201200251012395932205','201200251012393439833','Shortcode','201200251012395932946'),
  ('201200251012397500351','201200251012393439833','Redirecturl','www.dialog.lk'),
  ('201200251013540931534','201200251013535787029','Shortcode','201200251013540939831'),
  ('201200251013542348957','201200251013535787029','Redirecturl','www.lll.lk'),
  ('201200251013553286029','201200251013550786416','Textmessage','this is a message'),
  ('201200251013561871803','201200251013559218458','Initiatecall ','777766833'),
  ('201200251013571407508','201200251013568751467','Name','Jane Doe'),
  ('201200251013572962004','201200251013568751467','Telephone No','xxxxx'),
  ('201200251013574374488','201200251013568751467','Email','jane@doe.com'),
  ('201200251013583754911','201200251013581402574','Sendsms','0777744185'),
  ('201200251013585468815','201200251013581402574','Massage','This is  atest message'),
  ('201200251018531401712','201200251018506403261','Shortcode','201200251018531401392'),
  ('201200251018533431659','201200251018506403261','Redirecturl','www.ent.mrt.ac.lk'),
  ('201200251019454530654','201200251019451562011','Textmessage','This is a message'),
  ('201200251020146568939','201200251020143753686','Textmessage','This is a message'),
  ('201200251022045628838','201200251022042650300','Textmessage','This is a test message'),
  ('201200251022054531980','201200251022051711692','Textmessage','This is a test message'),
  ('201200251022064062822','201200251022061401115','Textmessage','This is a test message'),
  ('201200251022073750047','201200251022070935233','Textmessage','This is a test message'),
  ('201200251023387186637','201200251023384375966','Textmessage','This is a test message'),
  ('201200251023396873060','201200251023394370039','Textmessage','This is a test message'),
  ('201200251023409371205','201200251023406874113','Textmessage','This is a test message'),
  ('201200251023418127921','201200251023415780516','Textmessage','This is a test message'),
  ('201200251025346406453','201200251025344067607','Shortcode','201200251025346403531'),
  ('201200251025347810390','201200251025344067607','Redirecturl',''),
  ('201200251025356714938','201200251025354063774','Shortcode','201200251025356716201'),
  ('201200251025358284506','201200251025354063774','Redirecturl',''),
  ('201200251027583906961','201200251027581560857','Shortcode','201200251027583900644'),
  ('201200251027585627111','201200251027581560857','Redirecturl',''),
  ('201200251027595937347','201200251027593122527','Shortcode','201200251027595939156'),
  ('201200251027597344024','201200251027593122527','Redirecturl',''),
  ('201200251028216564955','201200251028213908152','Shortcode','201200251028216564443'),
  ('201200251028218121719','201200251028213908152','Redirecturl',''),
  ('201200251054020930446','201200251054017505851','Shortcode','201200251054020938369'),
  ('201200251054022813442','201200251054017505851','Redirecturl',''),
  ('201200251054106250991','201200251054103126230','Shortcode','201200251054106250219'),
  ('201200251054108125726','201200251054103126230','Redirecturl',''),
  ('201200251114089680529','201200251114086090706','Shortcode','201200251114089684612'),
  ('201200251114091560568','201200251114086090706','Redirecturl',''),
  ('201200251115049841575','201200251115034216672','Shortcode','201200251115049842512'),
  ('201200251115051400510','201200251115034216672','Redirecturl',''),
  ('201200251115301569192','201200251115299373581','Shortcode','201200251115301568046'),
  ('201200251115303126915','201200251115299373581','Redirecturl',''),
  ('201200251115310931108','201200251115309060282','Shortcode','201200251115310931726'),
  ('201200251115312500566','201200251115309060282','Redirecturl',''),
  ('201200251115319686361','201200251115317657011','Shortcode','201200251115319689874'),
  ('201200251115321253089','201200251115317657011','Redirecturl',''),
  ('201200251121545939880','201200251121543431919','Shortcode','201200251121545931036'),
  ('201200251121547509253','201200251121543431919','Redirecturl',''),
  ('201200251121575004640','201200251121572817074','Shortcode','201200251121575002583'),
  ('201200251121576560867','201200251121572817074','Redirecturl',''),
  ('201200251125493907324','201200251125491404765','Shortcode','201200251125493906565'),
  ('201200251125495462356','201200251125491404765','Redirecturl',''),
  ('201200251125554840973','201200251125552344212','Shortcode','201200251125554843959'),
  ('201200251125556092484','201200251125552344212','Redirecturl',''),
  ('201200251127135313614','201200251127133127222','Shortcode','201200251127135317341'),
  ('201200251127136719596','201200251127133127222','Redirecturl',''),
  ('201200251127146561482','201200251127144376262','Shortcode','201200251127146562473'),
  ('201200251127147656451','201200251127144376262','Redirecturl',''),
  ('201200251127324848769','201200251127322810249','Shortcode','201200251127324849987'),
  ('201200251127326259566','201200251127322810249','Redirecturl',''),
  ('201200251127336093512','201200251127333901808','Shortcode','201200251127336097602'),
  ('201200251127337181887','201200251127333901808','Redirecturl',''),
  ('201200251128095933325','201200251128093900582','Shortcode','201200251128095939130'),
  ('201200251128097340672','201200251128093900582','Redirecturl',''),
  ('201200251128106716818','201200251128105005195','Shortcode','201200251128106715877'),
  ('201200251128108288858','201200251128105005195','Redirecturl',''),
  ('201200251128493122948','201200251128490932745','Shortcode','201200251128493123926'),
  ('201200251128494537733','201200251128490932745','Redirecturl',''),
  ('201200251128503759085','201200251128501879007','Shortcode','201200251128503758194'),
  ('201200251128505315787','201200251128501879007','Redirecturl',''),
  ('201200251128513901103','201200251128512185802','Shortcode','201200251128513907380'),
  ('201200251128515468757','201200251128512185802','Redirecturl',''),
  ('201200251135038905111','201200251135037187581','Shortcode','201200251135038903128'),
  ('201200251135040469068','201200251135037187581','Redirecturl',''),
  ('201200251135049846152','201200251135047966744','Shortcode','201200251135049840534'),
  ('201200251135051403142','201200251135047966744','Redirecturl',''),
  ('201200251135059218181','201200251135057186027','Shortcode','201200251135059210722'),
  ('201200251135060462678','201200251135057186027','Redirecturl',''),
  ('201200251135069840699','201200251135068127458','Shortcode','201200251135069845399'),
  ('201200251135071255879','201200251135068127458','Redirecturl',''),
  ('201200251135369065957','201200251135367036446','Shortcode','201200251135369066151'),
  ('201200251135370150859','201200251135367036446','Redirecturl',''),
  ('201200251135379844549','201200251135377651144','Shortcode','201200251135379844634'),
  ('201200251135380939681','201200251135377651144','Redirecturl',''),
  ('201200251135390159414','201200251135388430044','Shortcode','201200251135390152379'),
  ('201200251135391565697','201200251135388430044','Redirecturl',''),
  ('201200251141439377825','201200251141436877857','Shortcode','201200251141439372145'),
  ('201200251141440621258','201200251141436877857','Redirecturl',''),
  ('201200251141499066299','201200251141496870662','Shortcode','201200251141499068325'),
  ('201200251141500467974','201200251141496870662','Redirecturl',''),
  ('201200251141509689875','201200251141507812759','Shortcode','201200251141509681908'),
  ('201200251141511258110','201200251141507812759','Redirecturl',''),
  ('201200251142166252066','201200251142164061903','Shortcode','201200251142166251883'),
  ('201200251142167655540','201200251142164061903','Redirecturl',''),
  ('201200251142177507308','201200251142175468866','Shortcode','201200251142177506872'),
  ('201200251142178596601','201200251142175468866','Redirecturl',''),
  ('201200251143092033370','201200251143072345826','Shortcode','201200251143092039495'),
  ('201200251143093590011','201200251143072345826','Redirecturl',''),
  ('201200251145340626724','201200251145324210984','Shortcode','201200251145340624706'),
  ('201200251145342182797','201200251145324210984','Redirecturl',''),
  ('201200251146054685197','201200251146052503979','Shortcode','201200251146054685954'),
  ('201200251146056090900','201200251146052503979','Redirecturl',''),
  ('201200251146064212916','201200251146062345449','Shortcode','201200251146064219519'),
  ('201200251146065780615','201200251146062345449','Redirecturl',''),
  ('201200251146074213411','201200251146071874594','Shortcode','201200251146074215055'),
  ('201200251146075626945','201200251146071874594','Redirecturl',''),
  ('201200251202364530657','201200251202362038405','Shortcode','201200251202364537208'),
  ('201200251202366090448','201200251202362038405','Redirecturl',''),
  ('201200251202429371663','201200251202427182592','Shortcode','201200251202429373148'),
  ('201200251202430783485','201200251202427182592','Redirecturl',''),
  ('201200251212218596751','201200251212199068943','Shortcode','201200251212218592409'),
  ('201200251212220312023','201200251212199068943','Redirecturl',''),
  ('201200251213106878281','201200251213104537507','Shortcode','201200251213106875246'),
  ('201200251213108121601','201200251213104537507','Redirecturl',''),
  ('201200251213116098580','201200251213114217568','Shortcode','201200251213116095976'),
  ('201200251213117505766','201200251213114217568','Redirecturl',''),
  ('201200251213126096537','201200251213124060278','Shortcode','201200251213126098347'),
  ('201200251213134066319','201200251213124060278','Redirecturl',''),
  ('201200251213457183122','201200251213455152215','Shortcode','201200251213457184439'),
  ('201200251213458438481','201200251213455152215','Redirecturl','www.lll.lk'),
  ('201200251213478909591','201200251213477037664','Textmessage','this is a message'),
  ('201200251216438430952','201200251216435935962','Shortcode','201200251216438432539'),
  ('201200251216440009760','201200251216435935962','Redirecturl','www.lll.lk'),
  ('201200251216497344176','201200251216495005630','Textmessage','this is a message'),
  ('201200251216505788986','201200251216503596113','Initiatecall ','777766833'),
  ('201200251216514216091','201200251216512030991','Name','Jane Doe'),
  ('201200251216515623370','201200251216512030991','Telephone No','xxxxx'),
  ('201200251216517343722','201200251216512030991','Email','jane@doe.com'),
  ('201200251216525152463','201200251216523128616','Sendsms','0777744185'),
  ('201200251216526258940','201200251216523128616','Massage','This is  atest message'),
  ('201200251219001251199','201200251218599373656','Textmessage','11111111111111'),
  ('201200251219206562827','201200251219204685539','Textmessage','11111111111111'),
  ('201200251219449537173','201200251219447506058','Textmessage','11111111111111111111'),
  ('201200251220209210092','201200251220207505596','Textmessage','this is a message'),
  ('201200251220330467435','201200251220328597633','Textmessage','this is a message'),
  ('201200251220430157180','201200251220428285266','Textmessage','this is a mess'),
  ('201200251221246714315','201200251221244539803','Textmessage','this is a message\n'),
  ('201200251237360814525','201200251237343317863','Textmessage','This is a mesage'),
  ('201200251237515032741','201200251237512681708','Textmessage','This is a mesage'),
  ('201200251253528221003','201200251253505579099','Textmessage','this is a message'),
  ('201200251254590138934','201200251254570602740','Shortcode','201200251254590138617'),
  ('201200251254591694255','201200251254570602740','Redirecturl','sa'),
  ('201200251258364735274','201200251258347071759','Textmessage','This is a message'),
  ('201200251258540476256','201200251258538133755','Textmessage','This is a message'),
  ('201200251337099822138','201200251337097632314','Shortcode','201200251337099828132'),
  ('201200251337101074560','201200251337097632314','Redirecturl',''),
  ('201200251337108887833','201200251337106539843','Shortcode','201200251337108881266'),
  ('201200251337110139924','201200251337106539843','Redirecturl',''),
  ('201200251340599667749','201200251340579035655','Shortcode','201200251340599662929'),
  ('201200251341001227630','201200251340579035655','Redirecturl',''),
  ('201200251341278728557','201200251341276387001','Shortcode','201200251341278728664'),
  ('201200251341279971293','201200251341276387001','Redirecturl','');

COMMIT;

#
# Data for the `barcode_data` table  (LIMIT 500,500)
#

INSERT INTO `barcode_data` (`id`, `barcode_id`, `attribute`, `value`) VALUES 
  ('201200251341384665562','201200251341382783280','Shortcode','201200251341384660347'),
  ('201200251341385912700','201200251341382783280','Redirecturl','www.lll.lk'),
  ('201200251341394190951','201200251341392328534','Textmessage','this is a message'),
  ('201200251341401532374','201200251341399503869','Initiatecall ','777766833'),
  ('201200251341410135784','201200251341407946709','Name','Jane Doe'),
  ('201200251341411532546','201200251341407946709','Telephone No','xxxxx'),
  ('201200251341413108289','201200251341407946709','Email','jane@doe.com'),
  ('201200251341421696832','201200251341419663526','Sendsms','0777744185'),
  ('201200251341422785373','201200251341419663526','Massage','This is  atest message'),
  ('201200251531283724480','201200251531266220985','Shortcode','201200251531283721544'),
  ('201200251531285607739','201200251531266220985','Redirecturl',''),
  ('201200251532062781424','201200251532060608003','Shortcode','201200251532062782870'),
  ('201200251532064035392','201200251532060608003','Redirecturl',''),
  ('201200251532072474994','201200251532070606962','Shortcode','201200251532072474661'),
  ('201200251532073880248','201200251532070606962','Redirecturl',''),
  ('201200251532082006217','201200251532079972264','Shortcode','201200251532082004587'),
  ('201200251532083419302','201200251532079972264','Redirecturl',''),
  ('201200251532251079827','201200251532249199434','Shortcode','201200251532251077405'),
  ('201200251532252634022','201200251532249199434','Redirecturl','www.lll.lk'),
  ('201200251532261382341','201200251532259193783','Textmessage','this is a message'),
  ('201200251532268884211','201200251532267009543','Initiatecall ','777766833'),
  ('201200251532276699935','201200251532274500593','Name','Jane Doe'),
  ('201200251532278104151','201200251532274500593','Telephone No','xxxxx'),
  ('201200251532279664782','201200251532274500593','Email','jane@doe.com'),
  ('201200251532290447374','201200251532288259074','Sendsms','0777744185'),
  ('201200251532291530903','201200251532288259074','Massage','This is  atest message'),
  ('201200251533389666660','201200251533387637811','Shortcode','201200251533389667036'),
  ('201200251533390914998','201200251533387637811','Redirecturl',''),
  ('201200251533399355816','201200251533397477215','Shortcode','201200251533399352203'),
  ('201200251533400443403','201200251533397477215','Redirecturl',''),
  ('201200251534179356207','201200251534177638341','Sendsms','07774445555'),
  ('201200251534180917928','201200251534177638341','Massage','ergergerge'),
  ('201200251536001074566','201200251535583258160','Shortcode','201200251536001072483'),
  ('201200251536002635102','201200251535583258160','Redirecturl',''),
  ('201200251536200445771','201200251536198102157','Shortcode','201200251536200442967'),
  ('201200251536201697608','201200251536198102157','Redirecturl',''),
  ('201200251536354030823','201200251536352009556','Shortcode','201200251536354036078'),
  ('201200251536355608451','201200251536352009556','Redirecturl','www.lll.lk'),
  ('201200251536363104208','201200251536360914732','Textmessage','this is a message'),
  ('201200251536371076469','201200251536369197373','Initiatecall ','777766833'),
  ('201200251536378720293','201200251536376695779','Name','Jane Doe'),
  ('201200251536380280187','201200251536376695779','Telephone No','xxxxx'),
  ('201200251536381853409','201200251536376695779','Email','jane@doe.com'),
  ('201200251536390751212','201200251536388721090','Sendsms','0777744185'),
  ('201200251536391852962','201200251536388721090','Massage','This is  atest message'),
  ('201200251612000134197','201200251611582946435','Shortcode','201200251612000131407'),
  ('201200251612001690453','201200251611582946435','Redirecturl','gyjg'),
  ('201200251613052781705','201200251613050752517','Textmessage','kushani'),
  ('201200251616044503719','201200251616041220055','Textmessage','vvv'),
  ('201200251617324035248','201200251617301384681','Shortcode','201200251617324032485'),
  ('201200251617325918440','201200251617301384681','Redirecturl',''),
  ('201200251618109828036','201200251618107008604','Shortcode','201200251618109821002'),
  ('201200251618111532595','201200251618107008604','Redirecturl',''),
  ('201200251619463411713','201200251619439198499','Shortcode','201200251619463410100'),
  ('201200251619465447654','201200251619439198499','Redirecturl',''),
  ('201200251620178570443','201200251620175606570','Shortcode','201200251620178578556'),
  ('201200251620180603884','201200251620175606570','Redirecturl',''),
  ('201200251620189356016','201200251620187004738','Shortcode','201200251620189357469'),
  ('201200251620190913851','201200251620187004738','Redirecturl',''),
  ('201200251629393578474','201200251629369351482','Shortcode','201200251629393575674'),
  ('201200251629395607931','201200251629369351482','Redirecturl',''),
  ('201200251640214506853','201200251640211386652','Shortcode','201200251640214501811'),
  ('201200251640216224539','201200251640211386652','Redirecturl','www.lll.lk'),
  ('201200251640298728095','201200251640295287909','Textmessage','this is a message'),
  ('201200251640310282129','201200251640307786553','Initiatecall ','777766833'),
  ('201200251640321226600','201200251640318259872','Name','Jane Doe'),
  ('201200251640322784229','201200251640318259872','Telephone No','xxxxx'),
  ('201200251640324505916','201200251640318259872','Email','jane@doe.com'),
  ('201200251640338578112','201200251640333724063','Sendsms','0777744185'),
  ('201200251640340132698','201200251640333724063','Massage','This is  atest message'),
  ('201200251644094820476','201200251644091222051','Shortcode','201200251644094826672'),
  ('201200251644096387384','201200251644091222051','Redirecturl','www.lll.lk'),
  ('201200251644141851075','201200251644138572131','Textmessage','this is a message'),
  ('201200251644150916434','201200251644148574185','Initiatecall ','777766833'),
  ('201200251644161535564','201200251644159033309','Name','Jane Doe'),
  ('201200251644162949437','201200251644159033309','Telephone No','xxxxx'),
  ('201200251644164508475','201200251644159033309','Email','jane@doe.com'),
  ('201200251644174356332','201200251644171531052','Sendsms','0777744185'),
  ('201200251644176077840','201200251644171531052','Massage','This is  atest message'),
  ('201200251644448417102','201200251644445751388','Shortcode','201200251644448417129'),
  ('201200251644450130037','201200251644445751388','Redirecturl',''),
  ('201200251644459975238','201200251644457322462','Shortcode','201200251644459972870'),
  ('201200251644461530105','201200251644457322462','Redirecturl',''),
  ('201200251658104973071','201200251658102475256','Shortcode','201200251658104978188'),
  ('201200251658106538979','201200251658102475256','Redirecturl',''),
  ('201200251715397167581','201200251715394353861','Shortcode','201200251715397162663'),
  ('201200251715398721864','201200251715394353861','Redirecturl',''),
  ('201200251726134199064','201200251726131538118','Shortcode','201200251726134193769'),
  ('201200251726135919812','201200251726131538118','Redirecturl',''),
  ('201200251727107326064','201200251727104975983','Shortcode','201200251727107323394'),
  ('201200251727109032477','201200251727104975983','Redirecturl',''),
  ('201200251729022166594','201200251729018885237','Shortcode','201200251729022169879'),
  ('201200251729024191711','201200251729018885237','Redirecturl',''),
  ('201200251729459193098','201200251729456534216','Shortcode','201200251729459193486'),
  ('201200251729461387789','201200251729456534216','Redirecturl',''),
  ('201200271039230785335','201200271039200621497','Shortcode','201200271039230780333'),
  ('201200271039232818516','201200271039200621497','Redirecturl',''),
  ('201200271058279376781','201200271058277032384','Textmessage',''),
  ('201200271058475158449','201200271058473125549','Sendsms','077'),
  ('201200271058476563048','201200271058473125549','Massage',''),
  ('201200271058539536165','201200271058537501944','Initiatecall ','077'),
  ('201200271101148759508','201200271101146565150','Sendsms','077'),
  ('201200271101150006762','201200271101146565150','Massage',''),
  ('201200271101317965805','201200271101315787610','Initiatecall ','077'),
  ('201200271104293592115','201200271104291401570','Shortcode','201200271104293590737'),
  ('201200271104294689019','201200271104291401570','Redirecturl','werwrwe'),
  ('201200271111377965635','201200271111376096502','Sendsms','077dssdf'),
  ('201200271111379530722','201200271111376096502','Massage',''),
  ('201200271113204069523','201200271113202184539','Initiatecall ','0774456'),
  ('201200271114017651488','201200271114015782241','Sendsms','0777747850'),
  ('201200271114018753796','201200271114015782241','Massage',''),
  ('201200271114202348860','201200271114200315440','Initiatecall ','0777747850'),
  ('201200271129295626127','201200271129293752512','Shortcode','201200271129295621175'),
  ('201200271129296710570','201200271129293752512','Redirecturl','www.facebook'),
  ('201200271130241403575','201200271130239534834','Shortcode','201200271130241408743'),
  ('201200271130245930091','201200271130239534834','Redirecturl','www.fac'),
  ('201200271132546408814','201200271132544537062','Shortcode','201200271132546401534'),
  ('201200271132547508495','201200271132544537062','Redirecturl','http://www.facebook.com/'),
  ('201200271133207032608','201200271133205312541','Shortcode','201200271133207039614'),
  ('201200271133208592722','201200271133205312541','Redirecturl','http://www.facebook.com/'),
  ('201200271133435468868','201200271133433593110','Shortcode','201200271133435462748'),
  ('201200271133436879952','201200271133433593110','Redirecturl','http://ww.facebook.com/'),
  ('201200271136146870248','201200271136144684747','Shortcode','201200271136146872932'),
  ('201200271136148286874','201200271136144684747','Redirecturl','www.face'),
  ('201200271222528286910','201200271222526256847','Name','Shamali'),
  ('201200271222529681139','201200271222526256847','Telephone No','94777747850'),
  ('201200271222531259073','201200271222526256847','Email','shamali@ent.mrt.ac.lk'),
  ('201200271306522341609','201200271306520784317','Shortcode','201200271306522347323'),
  ('201200271306523432450','201200271306520784317','Redirecturl','www.dialog.lk'),
  ('201200271306597504848','201200271306595467278','Shortcode','201200271306597506766'),
  ('201200271306598905748','201200271306595467278','Redirecturl','http://www.dialog.lk'),
  ('201200271307192658290','201200271307190781466','Shortcode','201200271307192659627'),
  ('201200271307194066962','201200271307190781466','Redirecturl','ftp://www.dialog.lk'),
  ('201200271325398756335','201200271325396875270','Shortcode','201200271325398756172'),
  ('201200271325400311471','201200271325396875270','Redirecturl','www.di'),
  ('201200271326008436889','201200271326006560820','Shortcode','201200271326008437603'),
  ('201200271326009681013','201200271326006560820','Redirecturl','http://www.di'),
  ('201200271326432185638','201200271326430151277','Shortcode','201200271326432186591'),
  ('201200271326433432846','201200271326430151277','Redirecturl','www.d'),
  ('201200271327090005010','201200271327087966980','Shortcode','201200271327090000118'),
  ('201200271327091099479','201200271327087966980','Redirecturl','http://www.dia'),
  ('201200271327140933173','201200271327139066470','Shortcode','201200271327140939990'),
  ('201200271327142348775','201200271327139066470','Redirecturl','https://www.dia'),
  ('201200271537398126967','201200271537380932300','Shortcode','201200271537398123718'),
  ('201200271537399849203','201200271537380932300','Redirecturl','www.facebook.com'),
  ('201200271538030629890','201200271538028287356','Textmessage','aaaa'),
  ('201200271538107962687','201200271538105784302','Textmessage','aaaa'),
  ('201200271538115463449','201200271538113598935','Textmessage','aaaa'),
  ('201200271538246873277','201200271538245005516','Shortcode','201200271538246879126'),
  ('201200271538248282166','201200271538245005516','Redirecturl','www.lll.lk'),
  ('201200271538257658241','201200271538255461552','Textmessage','this is a message'),
  ('201200271538264841152','201200271538262962403','Initiatecall ','777766833'),
  ('201200271538272961687','201200271538270934280','Name','Jane Doe'),
  ('201200271538274061912','201200271538270934280','Telephone No','xxxxx'),
  ('201200271538275465479','201200271538270934280','Email','jane@doe.com'),
  ('201200271538284062636','201200271538282032959','Sendsms','0777744185'),
  ('201200271538285159068','201200271538282032959','Massage','This is  atest message'),
  ('201200271557580784841','201200271557578129541','Shortcode','201200271557580783070'),
  ('201200271557582188187','201200271557578129541','Redirecturl','www.lll.lk'),
  ('201200271558082036999','201200271558079844070','Textmessage','this is a message'),
  ('201200271558090316578','201200271558088287645','Initiatecall ','777766833'),
  ('201200271558098904516','201200271558096878593','Name','Jane Doe'),
  ('201200271558100314008','201200271558096878593','Telephone No','xxxxx'),
  ('201200271558102030212','201200271558096878593','Email','jane@doe.com'),
  ('201200271558110783747','201200271558108599591','Sendsms','0777744185'),
  ('201200271558112030773','201200271558108599591','Massage','This is  atest message'),
  ('201200271602359063355','201200271602356713970','Shortcode','201200271602359060150'),
  ('201200271602360789654','201200271602356713970','Redirecturl','www.lll.lk'),
  ('201200271602393434900','201200271602391255900','Textmessage','this is a message'),
  ('201200271602401409912','201200271602399537806','Initiatecall ','777766833'),
  ('201200271602409841970','201200271602407652188','Name','Jane Doe'),
  ('201200271602411092263','201200271602407652188','Telephone No','xxxxx'),
  ('201200271602412502856','201200271602407652188','Email','jane@doe.com'),
  ('201200271602421251548','201200271602419215367','Sendsms','0777744185'),
  ('201200271602422503987','201200271602419215367','Massage','This is  atest message'),
  ('201200271608563129174','201200271608560467471','Shortcode','201200271608563125031'),
  ('201200271608564536030','201200271608560467471','Redirecturl','www.lll.lk'),
  ('201200271609029065080','201200271609026871217','Textmessage','this is a message'),
  ('201200271609037659395','201200271609035624295','Initiatecall ','777766833'),
  ('201200271609046402464','201200271609044211537','Name','Jane Doe'),
  ('201200271609047812043','201200271609044211537','Telephone No','xxxxx'),
  ('201200271609049533779','201200271609044211537','Email','jane@doe.com'),
  ('201200271609057962617','201200271609056097083','Sendsms','0777744185'),
  ('201200271609059530962','201200271609056097083','Massage','This is  atest message'),
  ('201200271612231407260','201200271612229534318','Shortcode','201200271612231405373'),
  ('201200271612232819523','201200271612229534318','Redirecturl','www.lll.lk'),
  ('201200271612240314761','201200271612238433008','Textmessage','this is a message'),
  ('201200271612247811936','201200271612245938102','Initiatecall ','777766833'),
  ('201200271612255931875','201200271612253908669','Name','Jane Doe'),
  ('201200271612257189748','201200271612253908669','Telephone No','xxxxx'),
  ('201200271612258434404','201200271612253908669','Email','jane@doe.com'),
  ('201200271612267189575','201200271612265156062','Sendsms','0777744185'),
  ('201200271612268430627','201200271612265156062','Massage','This is  atest message'),
  ('201200301040491258643','201200301040460001143','Sendsms','0777444345'),
  ('201200301040493438744','201200301040460001143','Massage','sdfdfsdf'),
  ('201200301041436255287','201200301041433904142','Textmessage','This is a message'),
  ('201200301041554687558','201200301041552505977','Textmessage','This is a message'),
  ('201200301043074846386','201200301043072657892','Textmessage','This is a message'),
  ('201200301043376564140','201200301043374377027','Textmessage','This is a message'),
  ('201200301043538759459','201200301043536875303','Textmessage','This is a message'),
  ('201200301045287812066','201200301045272038436','Textmessage','This is a message'),
  ('201200301045435469882','201200301045433124223','Textmessage','This is a message'),
  ('201200301048270782779','201200301048268750303','Name','eeee'),
  ('201200301048272347332','201200301048268750303','Telephone No','94654377609'),
  ('201200301048273757823','201200301048268750303','Email','shamalaf@ent.me'),
  ('201200301048503432492','201200301048501403733','Shortcode','201200301048503439922'),
  ('201200301048504686749','201200301048501403733','Redirecturl','www.bar'),
  ('201200301049236094618','201200301049234067400','Shortcode','201200301049236099261'),
  ('201200301049237507620','201200301049234067400','Redirecturl','http://www.bar'),
  ('201200301049285159382','201200301049282811092','Shortcode','201200301049285150361'),
  ('201200301049286403887','201200301049282811092','Redirecturl','https://www.bar'),
  ('201200301051472340657','201200301051470156731','Name','werfwer'),
  ('201200301051473435243','201200301051470156731','Telephone No','96543213456'),
  ('201200301051474848943','201200301051470156731','Email','shamali@emt.'),
  ('201200301616206568778','201200301616183281041','Shortcode','201200301616206563698'),
  ('201200301616208125583','201200301616183281041','Redirecturl','www.ent.mrt.ac.lk'),
  ('201200301617045157769','201200301617042810113','Textmessage','wswsws'),
  ('201200301617053286179','201200301617050622982','Textmessage','wswsws'),
  ('201200301617279680666','201200301617277344923','Shortcode','201200301617279682236'),
  ('201200301617281259051','201200301617277344923','Redirecturl','www.lll.lk'),
  ('201200301617289370692','201200301617287505776','Textmessage','this is a message'),
  ('201200301617297651786','201200301617295626807','Initiatecall ','777766833'),
  ('201200301617305787122','201200301617303751103','Name','Jane Doe'),
  ('201200301617307185139','201200301617303751103','Telephone No','xxxxx'),
  ('201200301617308590755','201200301617303751103','Email','jane@doe.com'),
  ('201200301617317504029','201200301617315627296','Sendsms','0777744185'),
  ('201200301617318907380','201200301617315627296','Massage','This is  atest message'),
  ('201200301622427185510','201200301622409374609','Shortcode','201200301622427189599'),
  ('201200301622428758103','201200301622409374609','Redirecturl','www.google.com'),
  ('201200301626264682396','201200301626247813026','Shortcode','201200301626264685195'),
  ('201200301626266258505','201200301626247813026','Redirecturl','www.ent.mrt.ac.lk'),
  ('201200301627279370444','201200301627277340488','Shortcode','201200301627279378975'),
  ('201200301627281093235','201200301627277340488','Redirecturl','www.facebook'),
  ('201200301721338121691','201200301636326567416','Shortcode','201200301721338122875'),
  ('201200301721340152983','201200301636326567416','Redirecturl','www.google.com'),
  ('201200311135589067488','201200311134444846094','Shortcode','201200311135053121180'),
  ('201200311139243431274','201200311136580317666','Shortcode','201200311137062031597'),
  ('201200311148255466761','201200311143230780774','Shortcode','201200311143563432465'),
  ('201200311153174376905','201200311152318906705','Shortcode','201200311152394218362'),
  ('201200311153192658246','201200311152318906705','Redirecturl','www.hello.com'),
  ('201200311154510624929','201200311154046716708','Textmessage','dddd'),
  ('201200311204280462852','201200311204148432116','Shortcode','201200311204236569205'),
  ('201200311204290786896','201200311204148432116','Redirecturl','www.11.com'),
  ('201200311205422967471','201200311205369534869','Shortcode','201200311205294689888'),
  ('201200311205566872065','201200311205369534869','Redirecturl','www.222.com'),
  ('201200311207194374707','201200311206362348098','Shortcode','201200311206458284429'),
  ('201200311207195932570','201200311206362348098','Redirecturl','www.lll.lk'),
  ('201200311207435789324','201200311207204687809','Textmessage','this is a message'),
  ('201200311207517348972','201200311207488599115','Initiatecall ','777766833'),
  ('201200311207554532644','201200311207526409662','Name','Jane Doe'),
  ('201200311207556090437','201200311207526409662','Telephone No','xxxxx'),
  ('201200311207591717734','201200311207566099131','Sendsms','0777744185'),
  ('201200311207593598943','201200311207566099131','Massage','This is  atest message'),
  ('201200311331584375998','201200311331377969138','Shortcode','201200311331378126456'),
  ('201200311331586562561','201200311331377969138','Redirecturl','www.hello2.com'),
  ('201200311333103906945','201200311333097819857','Shortcode','201200311333097818061'),
  ('201200311333106093976','201200311333097819857','Redirecturl','www.bulk.com'),
  ('201200311337115465796','201200311337060622381','Shortcode','201200311336599374015'),
  ('201200311337151253502','201200311337060622381','Redirecturl','www.bulk.com'),
  ('201200311338393433818','201200311338259840623','Shortcode','201200311338027344796'),
  ('201200311338428430375','201200311338259840623','Redirecturl','www.test'),
  ('201200311342087344274','201200311342059062056','Textmessage','wqwqse'),
  ('201200311342373126508','201200311342370155016','Textmessage','sadsadasdasd'),
  ('201200311342383281703','201200311342380311287','Textmessage','sadsadasdasd'),
  ('201200311415056406735','201200311415027964633','Shortcode','201200311415027966899'),
  ('201200311415058430923','201200311415027964633','Redirecturl','www.facebook.com'),
  ('201200311415520468143','201200311415517657806','Shortcode','201200311415517652790'),
  ('201200311415522345262','201200311415517657806','Redirecturl','www.facebook.com'),
  ('201200311416142819730','201200311416140004942','Shortcode','201200311416140006699'),
  ('201200311416144535011','201200311416140004942','Redirecturl','www.lll.lk'),
  ('201200311416161879040','201200311416158902310','Textmessage','this is a message'),
  ('201200311416171565336','201200311416168903601','Initiatecall ','777766833'),
  ('201200311416180626791','201200311416177813371','Name','Jane Doe'),
  ('201200311416182181610','201200311416177813371','Telephone No','xxxxx'),
  ('201200311416191714327','201200311416189217897','Sendsms','0777744185'),
  ('201200311416193284461','201200311416189217897','Massage','This is  atest message'),
  ('201201021001355629274','201201021001351710093','Shortcode','201201021001355629049'),
  ('201201021001357347785','201201021001351710093','Redirecturl','www.ent.mrt.ac.lk'),
  ('201201021001452654649','201201021001450006896','Textmessage','this is a message'),
  ('201201021001461873285','201201021001459687287','Initiatecall ','777766833'),
  ('201201021001470311677','201201021001468433128','Name','Jane Doe'),
  ('201201021001471872547','201201021001468433128','Telephone No','xxxxx'),
  ('201201021001473280438','201201021001468433128','Email','jane@doe.com'),
  ('201201021001483124156','201201021001480933925','Sendsms','0777744185'),
  ('201201021001484689060','201201021001480933925','Massage','This is  atest message'),
  ('201201021051011712707','201201021051008900143','Shortcode','201201021051008902147'),
  ('201201021051013280578','201201021051008900143','Redirecturl','www.ent.mrt.ac.lk'),
  ('201201021051071876929','201201021051069215678','Textmessage','this is a message'),
  ('201201021051079538261','201201021051077500983','Initiatecall ','777766833'),
  ('201201021051088123265','201201021051086258376','Name','Jane Doe'),
  ('201201021051089685245','201201021051086258376','Telephone No','xxxxx'),
  ('201201021051098900584','201201021051096871174','Sendsms','0777744185'),
  ('201201021051100007221','201201021051096871174','Massage','This is  atest message'),
  ('201201021052451407790','201201021052449377163','Shortcode','201201021052449372104'),
  ('201201021052452810361','201201021052449377163','Redirecturl','www.ent.mrt.ac.lk'),
  ('201201021052461099111','201201021052459378239','Textmessage','this is a message'),
  ('201201021052469212292','201201021052467185146','Initiatecall ','777766833'),
  ('201201021052477039274','201201021052475311801','Name','Jane Doe'),
  ('201201021052478437116','201201021052475311801','Telephone No','xxxxx'),
  ('201201021052487188805','201201021052485159377','Sendsms','0777744185'),
  ('201201021052488431389','201201021052485159377','Massage','This is  atest message'),
  ('201201021053421560533','201201021053419684038','Shortcode','201201021053419684365'),
  ('201201021053422653489','201201021053419684038','Redirecturl','www.ent.mrt.ac.lk'),
  ('201201021053431255254','201201021053429062357','Textmessage','this is a message'),
  ('201201021053438599969','201201021053436876927','Initiatecall ','777766833'),
  ('201201021053447034089','201201021053445003461','Name','Jane Doe'),
  ('201201021053448124880','201201021053445003461','Telephone No','xxxxx'),
  ('201201021053456876105','201201021053455151057','Sendsms','0777744185'),
  ('201201021053458436613','201201021053455151057','Massage','This is  atest message'),
  ('201201021107113598617','201201021107111712543','Shortcode','201201021107111716094'),
  ('201201021107114689754','201201021107111712543','Redirecturl','www.ent.mrt.ac.lk'),
  ('201201021107122657538','201201021107120932431','Textmessage','this is a message'),
  ('201201021107130788030','201201021107128758789','Initiatecall ','777766833'),
  ('201201021107138900244','201201021107136878667','Name','Jane Doe'),
  ('201201021107139849669','201201021107136878667','Telephone No','xxxxx'),
  ('201201021107148904141','201201021107146875246','Sendsms','0777744185'),
  ('201201021107150000108','201201021107146875246','Massage','This is  atest message'),
  ('201201021435033282764','201201021435013430006','Textmessage','asasa'),
  ('201201021438412180868','201201021438395153989','Textmessage','this is a test'),
  ('201201021439234370270','201201021439232033654','Textmessage','test'),
  ('201201021439242813802','201201021439240787017','Textmessage','test'),
  ('201201021439495316797','201201021439493288050','Shortcode','201201021439493285940'),
  ('201201021439496561372','201201021439493288050','Redirecturl','www.lll.lk'),
  ('201201021439506564747','201201021439504530224','Textmessage','this is a message'),
  ('201201021439514848861','201201021439512652268','Initiatecall ','777766833'),
  ('201201021439523129114','201201021439520939984','Name','Jane Doe'),
  ('201201021439524213714','201201021439520939984','Telephone No','xxxxx'),
  ('201201021439533435022','201201021439531404634','Sendsms','0777744185'),
  ('201201021439534534913','201201021439531404634','Massage','This is  atest message'),
  ('201201160918183282132','201201160918151561535','Sendsms','0772338406'),
  ('201201160918185461764','201201160918151561535','Massage','test message'),
  ('201201160918508905386','201201160918506711950','Sendsms','0772338406'),
  ('201201160918510463252','201201160918506711950','Massage','test message'),
  ('201201160922040624595','201201160922038598680','Sendsms','0773435821'),
  ('201201160922042182279','201201160922038598680','Massage','test message'),
  ('201201160923114373756','201201160923112030700','Sendsms','0773435821'),
  ('201201160923115625799','201201160923112030700','Massage','test message'),
  ('201201160923441099193','201201160923425311290','Sendsms','0773435821'),
  ('201201160923442650825','201201160923425311290','Massage','test message'),
  ('201201161025054078902','201201161025034549970','Sendsms','0776546662'),
  ('201201161025055642834','201201161025034549970','Massage','jk'),
  ('201201161025335950582','201201161025333768373','Initiatecall ','0776546662'),
  ('201201161026081111925','201201161026079235220','Sendsms','0776546662'),
  ('201201161026082824722','201201161026079235220','Massage','jj'),
  ('201201161026243760699','201201161026241899972','Initiatecall ','0776546662'),
  ('201201161134356461312','201201161134340512901','Sendsms','0776546662'),
  ('201201161134358028701','201201161134340512901','Massage','jj'),
  ('201201161135468568462','201201161135466531859','Sendsms','0776546662'),
  ('201201161135469978011','201201161135466531859','Massage','jj'),
  ('201201171114238626168','201201171114221127796','Sendsms','776327971'),
  ('201201171114240506271','201201171114221127796','Massage','hh'),
  ('201201171114486433018','201201171114483785535','Initiatecall ','776327971'),
  ('201201171115274875294','201201171115272847417','Sendsms','776327971'),
  ('201201171115276437042','201201171115272847417','Massage','njj'),
  ('201201171115440187712','201201171115438003525','Initiatecall ','776327971'),
  ('201201171119010341395','201201171118593155152','Initiatecall ','776327971'),
  ('201201171119241124971','201201171119238789815','Sendsms','776327971'),
  ('201201171119242379858','201201171119238789815','Massage','tyh'),
  ('201201171120061436170','201201171120059566548','Sendsms','776327971'),
  ('201201171120062844263','201201171120059566548','Massage','ujjk'),
  ('201201171120070341655','201201171120068620796','Sendsms','776327971'),
  ('201201171120071593513','201201171120068620796','Massage','ujjk'),
  ('201201171120526124147','201201171120523785167','Initiatecall ','776327971'),
  ('201201171120534258291','201201171120532378410','Initiatecall ','776327971'),
  ('201201201601210781667','201201201601191401423','Sendsms','776131135'),
  ('201201201601212652983','201201201601191401423','Massage','hello'),
  ('201201201603372657048','201201201603352652218','Sendsms','776136153'),
  ('201201201603374217579','201201201603352652218','Massage','hello'),
  ('201201201614048126089','201201201614032184881','Shortcode','201201201614032183657'),
  ('201201201614049841528','201201201614032184881','Redirecturl','www.hello.com'),
  ('201201201633532652723','201201201633530318840','Sendsms','777335060'),
  ('201201201633534060085','201201201633530318840','Massage','test messaege'),
  ('201201201634191560233','201201201634189376828','Sendsms','777335060'),
  ('201201201634192967158','201201201634189376828','Massage','test messaegehghd'),
  ('201201221429068758524','201201221429064846730','Textmessage','ghh'),
  ('201201221434194379254','201201221434170008805','Textmessage','sss'),
  ('201201221442199374617','201201221442175310920','Textmessage','uuu'),
  ('201201221444554214874','201201221444530465801','Textmessage','ttt'),
  ('201201231119499539504','201201231119452186801','Textmessage','www'),
  ('201201231201362507394','201201231201147965277','Textmessage','ttt'),
  ('201201231214274064782','201201231214250788136','Textmessage','yyy'),
  ('201201231352470931062','201201231352440001753','Textmessage','uuu'),
  ('201203241640008902260','201203241640004375136','Shortcode','201203241640004371839'),
  ('201203241640011409228','201203241640004375136','Redirecturl','www.google.com'),
  ('201203241644054219698','201203241644049680955','Shortcode','201203241644049844868'),
  ('201203241644056711864','201203241644049680955','Redirecturl','www.google.com'),
  ('201203241648445153527','201203241648420467289','Shortcode','201203241648420463032'),
  ('201203241648447650199','201203241648420467289','Redirecturl','www.google.com'),
  ('201203241701359840017','201203241701336251127','Shortcode','201203241701336402748'),
  ('201203241701362657027','201203241701336251127','Redirecturl','www.google.com'),
  ('201203241710056256829','201203241710030317409','Shortcode','201203241710030460115'),
  ('201203241710060151433','201203241710030317409','Redirecturl','www.google.com'),
  ('201203241730285317138','201203241730261408634','Shortcode','201203241730261563058'),
  ('201203241730287966650','201203241730261408634','Redirecturl','www.google.com'),
  ('201203251122026091331','201203251121597034950','Shortcode','201203251121597180422'),
  ('201203251122028904832','201203251121597034950','Redirecturl','www.d.com'),
  ('201203251123565626086','201203251123561870595','Shortcode','201203251123561872211'),
  ('201203251123568120486','201203251123561870595','Redirecturl','www.d.com'),
  ('201203251124060629528','201203251124057181916','Shortcode','201203251124057182475'),
  ('201203251124062961061','201203251124057181916','Redirecturl','www.d.com'),
  ('201203251132323289272','201203251132294538431','Shortcode','201203251132294530525'),
  ('201203251132327035998','201203251132294538431','Redirecturl','www.d.com'),
  ('201203251142191258047','201203251142161094569','Shortcode','201203251142161099017'),
  ('201203251142195000106','201203251142161094569','Redirecturl','www.k.com'),
  ('201203251145468437053','201203251145442187742','Shortcode','201203251145442184236'),
  ('201203251145471099685','201203251145442187742','Redirecturl','www.k.com'),
  ('201203251203310935983','201203251203284531275','Shortcode','201203251203284534200'),
  ('201203251203314537823','201203251203284531275','Redirecturl','www.k.com'),
  ('201203251206082184331','201203251206055629371','Shortcode','201203251206055629210'),
  ('201203251206085003484','201203251206055629371','Redirecturl','www.k.com'),
  ('201203251212326877779','201203251212323122646','Shortcode','201203251212323123850'),
  ('201203251212329215446','201203251212323122646','Redirecturl','www.d.com'),
  ('201203251226194536733','201203251226191091675','Shortcode','201203251226191099123'),
  ('201203251226196719585','201203251226191091675','Redirecturl','www.g.com'),
  ('201203251227490930845','201203251227487657094','Shortcode','201203251227487652505'),
  ('201203251227492810367','201203251227487657094','Redirecturl','www,gg.com'),
  ('201203251233373751848','201203251233350008906','Shortcode','201203251233350312079'),
  ('201203251233376405301','201203251233350008906','Redirecturl','www.gg.com'),
  ('201203251249042501844','201203251249017347986','Shortcode','201203251249017503758'),
  ('201203251249045317874','201203251249017347986','Redirecturl','www.e.com'),
  ('201203251357521565184','201203251357495782058','Textmessage','dff'),
  ('201203251407494062708','201203251407463121890','Textmessage','ss'),
  ('201203251412344372792','201203251412315311359','Textmessage','err'),
  ('201203251423106097555','201203251423102653841','Textmessage','3'),
  ('201203251435460787512','201203251435432344140','Textmessage','sss'),
  ('201203251438593908916','201203251438567504314','Textmessage','dd'),
  ('201203251451041407298','201203251451014841782','Textmessage','df'),
  ('201203251502236568488','201203251502209378518','Textmessage','ss'),
  ('201203251505305785350','201203251505301409826','Textmessage','ert'),
  ('201203251507062968093','201203251507059069599','Textmessage','ert'),
  ('201203251510214065856','201203251510189535498','Textmessage','df'),
  ('201203251511103129251','201203251511099218832','Shortcode','201203251511099375015'),
  ('201203251511105622810','201203251511099218832','Redirecturl','www.k.com'),
  ('201203251513488901836','201203251513485461286','Textmessage','rty'),
  ('201203251513499066221','201203251513495625277','Textmessage','rty'),
  ('201205141022012501312','201205141021591870651','Textmessage','hi'),
  ('201205141035490788997','201205141035473288704','Textmessage','gfg'),
  ('201205141040052038694','201205141040050008796','Textmessage','hi'),
  ('201205141042061874540','201205141042060008077','Textmessage','hi'),
  ('201205141042588439193','201205141042586409350','Textmessage','hi'),
  ('201205141053212811507','201205141053210937357','Textmessage','hi'),
  ('201205141139112814536','201205141139092344683','Textmessage','hi'),
  ('201205141208038591816','201205141208020623540','Textmessage','test'),
  ('201205141307223599619','201205141307221098029','Textmessage','hello'),
  ('201205150936154848029','201205150936118591251','Textmessage','hey'),
  ('201205150936304847401','201205150936302034980','Textmessage','hellooooo'),
  ('201205150936397659823','201205150936395319124','Textmessage','hellooooooo'),
  ('201205150937033127672','201205150937030936085','Shortcode','201205150937030937742'),
  ('201205150937034531382','201205150937030936085','Redirecturl','www.google.com'),
  ('201205151227011099513','201205151227008909856','Shortcode','201205151227008905867'),
  ('201205151227012503545','201205151227008909856','Redirecturl','www.google.com'),
  ('201205151227186879351','201205151227184688512','Shortcode','201205151227184683420'),
  ('201205151227188122538','201205151227184688512','Redirecturl','www.google.lk'),
  ('201205151255009847685','201205151255007968673','Textmessage','hello'),
  ('201205151255015312803','201205151255013597111','Textmessage','hello'),
  ('201205271036445936244','201205271036442183560','Shortcode','201205271036442348824'),
  ('201205271036447967489','201205271036442183560','Redirecturl','www.google.com'),
  ('201205271036563595200','201205271036561408305','Textmessage','This is a test message'),
  ('201205271036569845425','201205271036567816658','Sendsms',''),
  ('201205271036571090748','201205271036567816658','Massage',''),
  ('201206050956450936894','201206050956418759021','Textmessage','test'),
  ('201206131026111251638','201206131026105027246','Textmessage','ewewe'),
  ('201206131148175761214','201206131148151496753','Textmessage','ffd'),
  ('201206131159116465071','201206131159078985996','Textmessage','wwww'),
  ('201206131227394371506','201206131227371685152','Textmessage','fdf'),
  ('201206131341167165294','201206131341145665568','Textmessage','wqew'),
  ('201206131424151816802','201206131424129399861','Textmessage','ddsds'),
  ('201206131425241574761','201206131425237856142','Shortcode','201206131425237845262'),
  ('201206131425243665885','201206131425237856142','Redirecturl','www.google.lk'),
  ('201206131430079671623','201206131430056533770','Name','ewew'),
  ('201206131430082824593','201206131430056533770','Telephone No','21312'),
  ('201206131430553866901','201206131430549182588','Textmessage','rrew'),
  ('201206131432244271545','201206131432240795169','Shortcode','201206131432240794322'),
  ('201206131432246661793','201206131432240795169','Redirecturl','www.google.lk'),
  ('201206131432255162835','201206131432252250007','Shortcode','201206131432240794322'),
  ('201206131432257152824','201206131432252250007','Redirecturl','www.google.lk'),
  ('201206151923161431960','201206151923128007627','Textmessage','shsgdh'),
  ('201206161418105100570','201206161418069082355','Textmessage','ggdfghfgh'),
  ('201206161419049627345','201206161419043834255','Shortcode','201206161419043839371'),
  ('201206161419053096981','201206161419043834255','Redirecturl','www.google.lk'),
  ('201206181038292031560','201206181038260789746','Textmessage','hhhh'),
  ('201206181038410621787','201206181038403598215','Textmessage','hhhh'),
  ('201206181133450789835','201206181133445621877','Textmessage','hhh'),
  ('201206181515286093559','201206181515279060664','Textmessage','iii');

COMMIT;

#
# Data for the `privileges` table  (LIMIT 0,500)
#

INSERT INTO `privileges` (`privilege_id`, `privilege_name`) VALUES 
  (1,'selectimagetype'),
  (2,'seterrorcorrection'),
  (3,'selectiamgetype'),
  (4,'createbulkbarcodes'),
  (5,'saveaszip'),
  (6,'Create User Groups'),
  (7,'Edit User Groups'),
  (8,'View User Groups');

COMMIT;

#
# Data for the `role_privilege` table  (LIMIT 0,500)
#

INSERT INTO `role_privilege` (`role_privilege_id`, `role_id`, `privilege_id`) VALUES 
  (1,'prasad',1),
  (2,'prasad',2),
  (3,'prasad',3),
  (4,'prasad',4),
  (5,'prasad',5);

COMMIT;

#
# Data for the `url_hit_count` table  (LIMIT 0,500)
#

INSERT INTO `url_hit_count` (`real_url`, `hit_count`) VALUES 
  ('yahoo.com','3'),
  ('yahoox.com','1');

COMMIT;

